run_date,guid,appt,rep,close,same_day,bends
2026-10-09,12a8b948-f6c9-41bf-8888-0762ff9c629c,2026-10-09T18:00,Querlim Franco,0.206,0.06,
2026-10-09,9b62e56a-fd9a-470b-8b06-62e96b9b6a69,2026-10-15T12:00,Francesco Ambrosio,0.406,0.169,
2026-10-09,cfb7f6ae-6c8c-4f30-9e84-a904977ab18f,2026-10-12T18:00,Michael Dietrich,0.46,0.148,
2026-10-09,ce2996dc-3048-4a43-8ce1-88878b548364,2026-10-12T12:00,Querlim Franco,0.136,0.046,
2026-10-09,cd59d966-69d5-4580-bacf-f7d83b102b1f,2026-10-18T12:00,,,,
2026-10-09,4321b426-c6b7-4a63-852c-0333066877f3,2026-10-13T12:00,Michael Dietrich,0.389,0.147,
2026-10-09,88535837-1a2d-4664-93fa-282912466d66,2026-10-12T12:00,Michael Dietrich,0.391,0.114,
2026-10-09,4c646402-8255-405f-a914-eccf12e46270,2026-10-17T08:00,,,,
2026-10-09,fb25d8f7-b110-4b76-ae4a-9a2fed5b5600,2026-10-16T12:00,Michael Dietrich,0.374,0.115,
2026-10-09,c30ef459-377d-40f8-ab09-e3ce268dde5b,2026-10-12T14:30,Querlim Franco,0.23,0.074,
2026-10-09,24b3f3bf-b622-4ca1-b921-ab4819c967ba,2026-10-13T12:00,Michael Meinardus,0.35,0.126,
2026-10-09,7df0ace8-7950-4ab8-9f99-a8e1eb0f5ff5,2026-10-17T14:00,Francesco Ambrosio,0.349,0.199,
2026-10-09,b8b7dcd0-e0d4-482d-960e-fba6f5e0323b,2026-10-10T12:00,Querlim Franco,0.141,0.053,
2026-10-09,0cf6f8bf-b9a1-403e-bcf5-a648c6663878,2026-10-10T12:00,Francesco Ambrosio,0.371,0.186,
2026-10-09,72411e21-d099-41c5-a749-7d8598bab06b,2026-10-12T14:00,Francesco Ambrosio,0.355,0.2,
2026-10-09,e8fa4472-7f0e-41f8-9664-21f26886abda,2026-10-10T12:00,Michael Dietrich,0.25,0.061,
2026-10-09,3f2b1223-e3c2-4ecc-b27b-fa285204d7c7,2026-10-19T12:00,Michael Dietrich,0.362,0.149,
2026-10-09,ed0d560d-7d49-4136-b6e2-d6d495179f45,2026-10-10T14:00,Michael Dietrich,0.354,0.118,
2026-10-09,9ca7dca3-7b00-4544-a602-077a5bd48500,2026-10-12T12:00,Francesco Ambrosio,0.372,0.206,
2026-10-09,c76a313e-837b-401e-be22-a1aaa3e4bdfa,2026-10-12T12:00,Joseph Young,0.318,0.062,
2026-10-09,4f9917cc-3e18-4d93-bb27-2b57417b2399,2026-10-14T14:00,Michael Dietrich,0.371,0.129,
2026-10-09,9f11110b-eea1-4112-ac59-08a3eeefc629,2026-10-13T14:00,Francesco Ambrosio,0.27,0.154,
2026-10-09,8f616b29-8579-43ef-a461-9b31d354e4b4,2026-10-14T14:00,Francesco Ambrosio,0.247,0.118,
2026-10-09,9807c356-4eb8-43db-8c58-1e0be81faef5,2026-10-10T14:00,Francesco Ambrosio,0.424,0.266,
2026-10-09,908d52c1-e958-41b5-be97-8fcf51fbb64b,2026-10-13T10:00,Michael Dietrich,0.341,0.123,
2026-10-09,20b62fdb-3a3d-402a-a84b-ebe58e2ea16f,2026-10-10T14:00,Joseph Young,0.252,0.045,
2026-10-09,767a1897-e97d-4773-9d48-76d31ae879ac,2026-10-13T10:00,Francesco Ambrosio,0.43,0.31,
2026-10-09,d469fa9b-cb4a-4c84-9436-f5433adcb299,2026-10-12T14:00,Joseph Young,0.248,0.051,
2026-10-09,8a2c56b8-edd5-4717-90a2-883d58a8c53c,2026-10-15T18:00,Michael Dietrich,0.385,0.093,
2026-10-09,a6f518bb-bd9c-4cbb-a216-fb271add491b,2026-10-14T12:00,Michael Dietrich,0.392,0.121,
2026-10-09,5b68bb08-8978-40c9-ab78-b8a28bd1ea95,2026-10-09T18:00,Steve Burns,0.153,0.04,
2026-10-09,6e9ff9cb-04ed-4f22-be38-fa7fdb80c299,2026-10-10T10:00,Michael Dietrich,0.374,0.094,
2026-10-09,fbca86b2-89a4-4c77-b483-2d8a0e921869,2026-10-12T15:00,Steve Burns,0.135,0.038,
2026-10-09,49260cce-ff96-4a8f-b5f5-667d2c8fd22e,2026-10-12T16:00,Michael Dietrich,0.383,0.083,
2026-10-09,31cffae7-17d9-4f31-be4f-48f21b42009e,2026-10-09T18:00,Michael Dietrich,0.386,0.108,
2026-10-09,70df1c55-c560-47bf-81de-2ab3e4049452,2026-10-24T10:00,Francesco Ambrosio,0.435,0.298,
2026-10-09,febfb90d-bf9a-45d6-a3f8-1250948200ce,2026-10-10T10:00,Joseph Young,0.251,0.066,
2026-10-09,a1fb714b-620d-4b9d-8188-5521dfc6a0d8,2026-10-10T10:00,Francesco Ambrosio,0.438,0.234,
2026-10-10,72411e21-d099-41c5-a749-7d8598bab06b,2026-10-12T14:00,Francesco Ambrosio,0.356,0.199,
2026-10-10,4c646402-8255-405f-a914-eccf12e46270,2026-10-17T08:00,,,,
2026-10-10,9f11110b-eea1-4112-ac59-08a3eeefc629,2026-10-13T14:00,Francesco Ambrosio,0.269,0.155,
2026-10-10,8f616b29-8579-43ef-a461-9b31d354e4b4,2026-10-14T14:00,Francesco Ambrosio,0.25,0.118,
2026-10-10,c76a313e-837b-401e-be22-a1aaa3e4bdfa,2026-10-12T12:00,Joseph Young,0.318,0.06,
2026-10-10,4f9917cc-3e18-4d93-bb27-2b57417b2399,2026-10-14T14:00,Michael Dietrich,0.373,0.131,
2026-10-10,a6f518bb-bd9c-4cbb-a216-fb271add491b,2026-10-14T12:00,Michael Dietrich,0.395,0.12,
2026-10-10,88535837-1a2d-4664-93fa-282912466d66,2026-10-12T12:00,Michael Dietrich,0.393,0.116,
2026-10-10,908d52c1-e958-41b5-be97-8fcf51fbb64b,2026-10-13T10:00,Michael Dietrich,0.336,0.123,
2026-10-10,fb25d8f7-b110-4b76-ae4a-9a2fed5b5600,2026-10-16T12:00,Michael Dietrich,0.377,0.114,
2026-10-10,9ca7dca3-7b00-4544-a602-077a5bd48500,2026-10-12T12:00,Francesco Ambrosio,0.379,0.208,
2026-10-10,3f2b1223-e3c2-4ecc-b27b-fa285204d7c7,2026-10-19T12:00,Michael Dietrich,0.364,0.151,
2026-10-10,9b62e56a-fd9a-470b-8b06-62e96b9b6a69,2026-10-15T12:00,Francesco Ambrosio,0.407,0.163,
2026-10-10,cd59d966-69d5-4580-bacf-f7d83b102b1f,2026-10-18T12:00,Michael Dietrich,0.237,0.061,
2026-10-10,4321b426-c6b7-4a63-852c-0333066877f3,2026-10-13T12:00,Francesco Ambrosio,0.381,0.216,
2026-10-10,cfb7f6ae-6c8c-4f30-9e84-a904977ab18f,2026-10-12T18:00,Michael Dietrich,0.46,0.15,
2026-10-10,ce2996dc-3048-4a43-8ce1-88878b548364,2026-10-12T12:00,Querlim Franco,0.135,0.045,
2026-10-10,c30ef459-377d-40f8-ab09-e3ce268dde5b,2026-10-12T14:30,Querlim Franco,0.231,0.073,
2026-10-10,24b3f3bf-b622-4ca1-b921-ab4819c967ba,2026-10-13T12:00,Michael Meinardus,0.346,0.127,
2026-10-10,767a1897-e97d-4773-9d48-76d31ae879ac,2026-10-13T10:00,Francesco Ambrosio,0.426,0.312,
2026-10-10,7df0ace8-7950-4ab8-9f99-a8e1eb0f5ff5,2026-10-17T14:00,Francesco Ambrosio,0.35,0.198,
2026-10-10,d469fa9b-cb4a-4c84-9436-f5433adcb299,2026-10-12T14:00,Joseph Young,0.25,0.05,
2026-10-10,8a2c56b8-edd5-4717-90a2-883d58a8c53c,2026-10-15T18:00,Michael Dietrich,0.384,0.089,
2026-10-10,70df1c55-c560-47bf-81de-2ab3e4049452,2026-10-24T10:00,Francesco Ambrosio,0.435,0.295,
2026-10-10,febfb90d-bf9a-45d6-a3f8-1250948200ce,2026-10-10T10:00,Querlim Franco,0.196,0.068,over weekly cap (nobody else free); last resort for a New rep
2026-10-10,a1fb714b-620d-4b9d-8188-5521dfc6a0d8,2026-10-10T10:00,Francesco Ambrosio,0.438,0.235,
2026-10-10,6e9ff9cb-04ed-4f22-be38-fa7fdb80c299,2026-10-10T10:00,Michael Dietrich,0.374,0.095,over weekly cap (nobody else free)
2026-10-10,16999fcc-2cca-431f-8d2a-3a5fa1cc664b,2026-10-13T18:00,Michael Dietrich,0.426,0.109,
2026-10-10,5f05f555-168d-4a35-a540-91194ebd9450,2026-10-14T10:00,Michael Meinardus,0.406,0.149,
2026-10-10,49260cce-ff96-4a8f-b5f5-667d2c8fd22e,2026-10-12T16:00,Michael Dietrich,0.386,0.085,
2026-10-10,fbca86b2-89a4-4c77-b483-2d8a0e921869,2026-10-12T15:00,Steve Burns,0.135,0.038,
2026-10-10,9807c356-4eb8-43db-8c58-1e0be81faef5,2026-10-10T14:00,Francesco Ambrosio,0.426,0.266,
2026-10-10,20b62fdb-3a3d-402a-a84b-ebe58e2ea16f,2026-10-10T14:00,Joseph Young,0.254,0.045,over weekly cap (nobody else free); last resort for a Coaching rep
2026-10-10,ed0d560d-7d49-4136-b6e2-d6d495179f45,2026-10-10T14:00,Michael Dietrich,0.355,0.121,over weekly cap (nobody else free)
2026-10-10,0cf6f8bf-b9a1-403e-bcf5-a648c6663878,2026-10-10T12:00,Francesco Ambrosio,0.376,0.183,
2026-10-10,e8fa4472-7f0e-41f8-9664-21f26886abda,2026-10-10T12:00,Steve Burns,0.15,0.032,over weekly cap (nobody else free); last resort for a New rep
2026-10-10,b8b7dcd0-e0d4-482d-960e-fba6f5e0323b,2026-10-10T12:00,,,,
