run_date,appt_date,guid,rep,close,same_day
2026-10-09,2026-10-09,12a8b948-f6c9-41bf-8888-0762ff9c629c,Querlim Franco,0.2064,0.0605
2026-10-09,2026-10-15,9b62e56a-fd9a-470b-8b06-62e96b9b6a69,Querlim Franco,0.2812,0.0713
2026-10-09,2026-10-12,cfb7f6ae-6c8c-4f30-9e84-a904977ab18f,Querlim Franco,0.3021,0.0905
2026-10-09,2026-10-12,ce2996dc-3048-4a43-8ce1-88878b548364,Querlim Franco,0.136,0.0464
2026-10-09,2026-10-18,cd59d966-69d5-4580-bacf-f7d83b102b1f,Querlim Franco,0.1461,0.0391
2026-10-09,2026-10-13,4321b426-c6b7-4a63-852c-0333066877f3,Querlim Franco,0.2568,0.0904
2026-10-09,2026-10-12,88535837-1a2d-4664-93fa-282912466d66,Querlim Franco,0.2528,0.0734
2026-10-09,2026-10-17,4c646402-8255-405f-a914-eccf12e46270,Querlim Franco,0.2029,0.0655
2026-10-09,2026-10-16,fb25d8f7-b110-4b76-ae4a-9a2fed5b5600,Querlim Franco,0.2288,0.0676
2026-10-09,2026-10-12,c30ef459-377d-40f8-ab09-e3ce268dde5b,Querlim Franco,0.2303,0.0738
2026-10-09,2026-10-13,24b3f3bf-b622-4ca1-b921-ab4819c967ba,Querlim Franco,0.2955,0.0955
2026-10-09,2026-10-17,7df0ace8-7950-4ab8-9f99-a8e1eb0f5ff5,Querlim Franco,0.2309,0.0708
2026-10-09,2026-10-10,b8b7dcd0-e0d4-482d-960e-fba6f5e0323b,Querlim Franco,0.1411,0.0529
2026-10-09,2026-10-10,0cf6f8bf-b9a1-403e-bcf5-a648c6663878,Querlim Franco,0.2526,0.0758
2026-10-09,2026-10-12,72411e21-d099-41c5-a749-7d8598bab06b,Querlim Franco,0.2259,0.0708
2026-10-09,2026-10-10,e8fa4472-7f0e-41f8-9664-21f26886abda,Querlim Franco,0.1541,0.0373
2026-10-09,2026-10-19,3f2b1223-e3c2-4ecc-b27b-fa285204d7c7,Querlim Franco,0.2142,0.0866
2026-10-09,2026-10-10,ed0d560d-7d49-4136-b6e2-d6d495179f45,Querlim Franco,0.2248,0.0723
2026-10-09,2026-10-12,9ca7dca3-7b00-4544-a602-077a5bd48500,Querlim Franco,0.2456,0.0832
2026-10-09,2026-10-12,c76a313e-837b-401e-be22-a1aaa3e4bdfa,Querlim Franco,0.2676,0.0622
2026-10-09,2026-10-14,4f9917cc-3e18-4d93-bb27-2b57417b2399,Querlim Franco,0.2428,0.0755
2026-10-09,2026-10-13,9f11110b-eea1-4112-ac59-08a3eeefc629,Querlim Franco,0.1825,0.0554
2026-10-09,2026-10-14,8f616b29-8579-43ef-a461-9b31d354e4b4,Querlim Franco,0.1545,0.0422
2026-10-09,2026-10-10,9807c356-4eb8-43db-8c58-1e0be81faef5,Querlim Franco,0.2787,0.099
2026-10-09,2026-10-13,908d52c1-e958-41b5-be97-8fcf51fbb64b,Querlim Franco,0.235,0.0839
2026-10-09,2026-10-10,20b62fdb-3a3d-402a-a84b-ebe58e2ea16f,Querlim Franco,0.195,0.0482
2026-10-09,2026-10-13,767a1897-e97d-4773-9d48-76d31ae879ac,Querlim Franco,0.2757,0.1268
2026-10-09,2026-10-12,d469fa9b-cb4a-4c84-9436-f5433adcb299,Querlim Franco,0.1913,0.0546
2026-10-09,2026-10-15,8a2c56b8-edd5-4717-90a2-883d58a8c53c,Querlim Franco,0.275,0.0622
2026-10-09,2026-10-14,a6f518bb-bd9c-4cbb-a216-fb271add491b,Querlim Franco,0.2425,0.0712
2026-10-09,2026-10-09,9bbb5b98-e81c-4676-b296-6901fad80a07,Querlim Franco,0.1457,0.0462
2026-10-09,2026-10-09,5b68bb08-8978-40c9-ab78-b8a28bd1ea95,Querlim Franco,0.1573,0.0441
2026-10-09,2026-10-09,54f1ecc8-32eb-44c0-aab5-3684bb67a5a2,Querlim Franco,0.3337,0.1349
2026-10-09,2026-10-09,13fbd86a-ec59-4e91-a3cd-2b681a7be92e,Querlim Franco,0.1641,0.0568
2026-10-09,2026-10-10,6e9ff9cb-04ed-4f22-be38-fa7fdb80c299,Querlim Franco,0.2546,0.0613
2026-10-09,2026-10-09,9381c724-a3a6-41e1-ae68-48cb02b18e71,Querlim Franco,0.179,0.0631
2026-10-09,2026-10-12,fbca86b2-89a4-4c77-b483-2d8a0e921869,Querlim Franco,0.1392,0.0425
2026-10-09,2026-10-09,01d89b21-61bb-422e-b380-ae005d2ac5c2,Querlim Franco,0.2225,0.0616
2026-10-09,2026-10-09,930c3e03-b4e9-4710-a14c-8fa9d91ffd6f,Querlim Franco,0.2573,0.0957
2026-10-09,2026-10-09,3ec43e02-0b8f-42c7-9f3c-747df47afbb9,Querlim Franco,0.267,0.0906
2026-10-09,2026-10-12,49260cce-ff96-4a8f-b5f5-667d2c8fd22e,Querlim Franco,0.2538,0.0552
2026-10-09,2026-10-09,31cffae7-17d9-4f31-be4f-48f21b42009e,Querlim Franco,0.2516,0.066
2026-10-09,2026-10-09,98b6e1dd-2606-4db4-afae-34a2517d064c,Querlim Franco,0.2092,0.0855
2026-10-09,2026-10-09,56e8dac1-346b-460c-ab02-7d970cf7d16a,Querlim Franco,0.125,0.045
2026-10-09,2026-10-24,70df1c55-c560-47bf-81de-2ab3e4049452,Querlim Franco,0.2645,0.1023
2026-10-09,2026-10-10,febfb90d-bf9a-45d6-a3f8-1250948200ce,Querlim Franco,0.1968,0.0705
2026-10-09,2026-10-10,a1fb714b-620d-4b9d-8188-5521dfc6a0d8,Querlim Franco,0.282,0.0821
2026-10-09,2026-10-09,12a8b948-f6c9-41bf-8888-0762ff9c629c,Francesco Ambrosio,0.3166,0.1674
2026-10-09,2026-10-15,9b62e56a-fd9a-470b-8b06-62e96b9b6a69,Francesco Ambrosio,0.4063,0.1686
2026-10-09,2026-10-12,cfb7f6ae-6c8c-4f30-9e84-a904977ab18f,Francesco Ambrosio,0.4281,0.2313
2026-10-09,2026-10-12,ce2996dc-3048-4a43-8ce1-88878b548364,Francesco Ambrosio,0.1923,0.1155
2026-10-09,2026-10-18,cd59d966-69d5-4580-bacf-f7d83b102b1f,Francesco Ambrosio,0.2303,0.1017
2026-10-09,2026-10-13,4321b426-c6b7-4a63-852c-0333066877f3,Francesco Ambrosio,0.3761,0.2164
2026-10-09,2026-10-12,88535837-1a2d-4664-93fa-282912466d66,Francesco Ambrosio,0.3691,0.1832
2026-10-09,2026-10-17,4c646402-8255-405f-a914-eccf12e46270,Francesco Ambrosio,0.3211,0.1899
2026-10-09,2026-10-16,fb25d8f7-b110-4b76-ae4a-9a2fed5b5600,Francesco Ambrosio,0.3369,0.1757
2026-10-09,2026-10-12,c30ef459-377d-40f8-ab09-e3ce268dde5b,Francesco Ambrosio,0.3606,0.2076
2026-10-09,2026-10-13,24b3f3bf-b622-4ca1-b921-ab4819c967ba,Francesco Ambrosio,0.43,0.2532
2026-10-09,2026-10-17,7df0ace8-7950-4ab8-9f99-a8e1eb0f5ff5,Francesco Ambrosio,0.3492,0.1989
2026-10-09,2026-10-10,b8b7dcd0-e0d4-482d-960e-fba6f5e0323b,Francesco Ambrosio,0.2081,0.1351
2026-10-09,2026-10-10,0cf6f8bf-b9a1-403e-bcf5-a648c6663878,Francesco Ambrosio,0.3709,0.1855
2026-10-09,2026-10-12,72411e21-d099-41c5-a749-7d8598bab06b,Francesco Ambrosio,0.3549,0.2004
2026-10-09,2026-10-10,e8fa4472-7f0e-41f8-9664-21f26886abda,Francesco Ambrosio,0.2338,0.0945
2026-10-09,2026-10-19,3f2b1223-e3c2-4ecc-b27b-fa285204d7c7,Francesco Ambrosio,0.3126,0.2184
2026-10-09,2026-10-10,ed0d560d-7d49-4136-b6e2-d6d495179f45,Francesco Ambrosio,0.3436,0.1991
2026-10-09,2026-10-12,9ca7dca3-7b00-4544-a602-077a5bd48500,Francesco Ambrosio,0.3722,0.2065
2026-10-09,2026-10-12,c76a313e-837b-401e-be22-a1aaa3e4bdfa,Francesco Ambrosio,0.3853,0.1512
2026-10-09,2026-10-14,4f9917cc-3e18-4d93-bb27-2b57417b2399,Francesco Ambrosio,0.3702,0.2107
2026-10-09,2026-10-13,9f11110b-eea1-4112-ac59-08a3eeefc629,Francesco Ambrosio,0.2699,0.1542
2026-10-09,2026-10-14,8f616b29-8579-43ef-a461-9b31d354e4b4,Francesco Ambrosio,0.2473,0.1179
2026-10-09,2026-10-10,9807c356-4eb8-43db-8c58-1e0be81faef5,Francesco Ambrosio,0.4237,0.2661
2026-10-09,2026-10-13,908d52c1-e958-41b5-be97-8fcf51fbb64b,Francesco Ambrosio,0.3852,0.2375
2026-10-09,2026-10-10,20b62fdb-3a3d-402a-a84b-ebe58e2ea16f,Francesco Ambrosio,0.3034,0.1333
2026-10-09,2026-10-13,767a1897-e97d-4773-9d48-76d31ae879ac,Francesco Ambrosio,0.4304,0.3104
2026-10-09,2026-10-12,d469fa9b-cb4a-4c84-9436-f5433adcb299,Francesco Ambrosio,0.2984,0.1492
2026-10-09,2026-10-15,8a2c56b8-edd5-4717-90a2-883d58a8c53c,Francesco Ambrosio,0.4194,0.1652
2026-10-09,2026-10-14,a6f518bb-bd9c-4cbb-a216-fb271add491b,Francesco Ambrosio,0.3541,0.1839
2026-10-09,2026-10-09,9bbb5b98-e81c-4676-b296-6901fad80a07,Francesco Ambrosio,0.2367,0.1325
2026-10-09,2026-10-09,5b68bb08-8978-40c9-ab78-b8a28bd1ea95,Francesco Ambrosio,0.2516,0.1229
2026-10-09,2026-10-09,54f1ecc8-32eb-44c0-aab5-3684bb67a5a2,Francesco Ambrosio,0.4764,0.3373
2026-10-09,2026-10-09,13fbd86a-ec59-4e91-a3cd-2b681a7be92e,Francesco Ambrosio,0.249,0.1495
2026-10-09,2026-10-10,6e9ff9cb-04ed-4f22-be38-fa7fdb80c299,Francesco Ambrosio,0.3973,0.1795
2026-10-09,2026-10-09,9381c724-a3a6-41e1-ae68-48cb02b18e71,Francesco Ambrosio,0.2536,0.1648
2026-10-09,2026-10-12,fbca86b2-89a4-4c77-b483-2d8a0e921869,Francesco Ambrosio,0.2236,0.1237
2026-10-09,2026-10-09,01d89b21-61bb-422e-b380-ae005d2ac5c2,Francesco Ambrosio,0.3397,0.1662
2026-10-09,2026-10-09,930c3e03-b4e9-4710-a14c-8fa9d91ffd6f,Francesco Ambrosio,0.3915,0.2569
2026-10-09,2026-10-09,3ec43e02-0b8f-42c7-9f3c-747df47afbb9,Francesco Ambrosio,0.4071,0.2468
2026-10-09,2026-10-12,49260cce-ff96-4a8f-b5f5-667d2c8fd22e,Francesco Ambrosio,0.3769,0.1532
2026-10-09,2026-10-09,31cffae7-17d9-4f31-be4f-48f21b42009e,Francesco Ambrosio,0.3821,0.181
2026-10-09,2026-10-09,98b6e1dd-2606-4db4-afae-34a2517d064c,Francesco Ambrosio,0.3313,0.2244
2026-10-09,2026-10-09,56e8dac1-346b-460c-ab02-7d970cf7d16a,Francesco Ambrosio,0.2029,0.1304
2026-10-09,2026-10-24,70df1c55-c560-47bf-81de-2ab3e4049452,Francesco Ambrosio,0.435,0.298
2026-10-09,2026-10-10,febfb90d-bf9a-45d6-a3f8-1250948200ce,Francesco Ambrosio,0.3186,0.2057
2026-10-09,2026-10-10,a1fb714b-620d-4b9d-8188-5521dfc6a0d8,Francesco Ambrosio,0.4382,0.2342
2026-10-09,2026-10-09,12a8b948-f6c9-41bf-8888-0762ff9c629c,Michael Dietrich,0.3231,0.1055
2026-10-09,2026-10-15,9b62e56a-fd9a-470b-8b06-62e96b9b6a69,Michael Dietrich,0.3989,0.1024
2026-10-09,2026-10-12,cfb7f6ae-6c8c-4f30-9e84-a904977ab18f,Michael Dietrich,0.4597,0.1482
2026-10-09,2026-10-12,ce2996dc-3048-4a43-8ce1-88878b548364,Michael Dietrich,0.2243,0.0758
2026-10-09,2026-10-18,cd59d966-69d5-4580-bacf-f7d83b102b1f,Michael Dietrich,0.2346,0.0618
2026-10-09,2026-10-13,4321b426-c6b7-4a63-852c-0333066877f3,Michael Dietrich,0.3887,0.1468
2026-10-09,2026-10-12,88535837-1a2d-4664-93fa-282912466d66,Michael Dietrich,0.3913,0.1139
2026-10-09,2026-10-17,4c646402-8255-405f-a914-eccf12e46270,Michael Dietrich,0.2852,0.0955
2026-10-09,2026-10-16,fb25d8f7-b110-4b76-ae4a-9a2fed5b5600,Michael Dietrich,0.3743,0.1148
2026-10-09,2026-10-12,c30ef459-377d-40f8-ab09-e3ce268dde5b,Michael Dietrich,0.3562,0.1158
2026-10-09,2026-10-13,24b3f3bf-b622-4ca1-b921-ab4819c967ba,Michael Dietrich,0.4376,0.1336
2026-10-09,2026-10-17,7df0ace8-7950-4ab8-9f99-a8e1eb0f5ff5,Michael Dietrich,0.3412,0.1075
2026-10-09,2026-10-10,b8b7dcd0-e0d4-482d-960e-fba6f5e0323b,Michael Dietrich,0.2261,0.0824
2026-10-09,2026-10-10,0cf6f8bf-b9a1-403e-bcf5-a648c6663878,Michael Dietrich,0.3835,0.1243
2026-10-09,2026-10-12,72411e21-d099-41c5-a749-7d8598bab06b,Michael Dietrich,0.3505,0.1114
2026-10-09,2026-10-10,e8fa4472-7f0e-41f8-9664-21f26886abda,Michael Dietrich,0.2505,0.0614
2026-10-09,2026-10-19,3f2b1223-e3c2-4ecc-b27b-fa285204d7c7,Michael Dietrich,0.3625,0.1491
2026-10-09,2026-10-10,ed0d560d-7d49-4136-b6e2-d6d495179f45,Michael Dietrich,0.3544,0.1182
2026-10-09,2026-10-12,9ca7dca3-7b00-4544-a602-077a5bd48500,Michael Dietrich,0.3691,0.1307
2026-10-09,2026-10-12,c76a313e-837b-401e-be22-a1aaa3e4bdfa,Michael Dietrich,0.3872,0.0918
2026-10-09,2026-10-14,4f9917cc-3e18-4d93-bb27-2b57417b2399,Michael Dietrich,0.3713,0.1293
2026-10-09,2026-10-13,9f11110b-eea1-4112-ac59-08a3eeefc629,Michael Dietrich,0.293,0.0884
2026-10-09,2026-10-14,8f616b29-8579-43ef-a461-9b31d354e4b4,Michael Dietrich,0.2395,0.0633
2026-10-09,2026-10-10,9807c356-4eb8-43db-8c58-1e0be81faef5,Michael Dietrich,0.4117,0.1554
2026-10-09,2026-10-13,908d52c1-e958-41b5-be97-8fcf51fbb64b,Michael Dietrich,0.3406,0.1234
2026-10-09,2026-10-10,20b62fdb-3a3d-402a-a84b-ebe58e2ea16f,Michael Dietrich,0.2946,0.0722
2026-10-09,2026-10-13,767a1897-e97d-4773-9d48-76d31ae879ac,Michael Dietrich,0.3637,0.1767
2026-10-09,2026-10-12,d469fa9b-cb4a-4c84-9436-f5433adcb299,Michael Dietrich,0.2897,0.0815
2026-10-09,2026-10-15,8a2c56b8-edd5-4717-90a2-883d58a8c53c,Michael Dietrich,0.3847,0.0931
2026-10-09,2026-10-14,a6f518bb-bd9c-4cbb-a216-fb271add491b,Michael Dietrich,0.3922,0.1206
2026-10-09,2026-10-09,9bbb5b98-e81c-4676-b296-6901fad80a07,Michael Dietrich,0.2394,0.0739
2026-10-09,2026-10-09,5b68bb08-8978-40c9-ab78-b8a28bd1ea95,Michael Dietrich,0.254,0.0717
2026-10-09,2026-10-09,54f1ecc8-32eb-44c0-aab5-3684bb67a5a2,Michael Dietrich,0.5225,0.2045
2026-10-09,2026-10-09,13fbd86a-ec59-4e91-a3cd-2b681a7be92e,Michael Dietrich,0.2852,0.0977
2026-10-09,2026-10-10,6e9ff9cb-04ed-4f22-be38-fa7fdb80c299,Michael Dietrich,0.3741,0.0935
2026-10-09,2026-10-09,9381c724-a3a6-41e1-ae68-48cb02b18e71,Michael Dietrich,0.2954,0.1166
2026-10-09,2026-10-12,fbca86b2-89a4-4c77-b483-2d8a0e921869,Michael Dietrich,0.215,0.0661
2026-10-09,2026-10-09,01d89b21-61bb-422e-b380-ae005d2ac5c2,Michael Dietrich,0.3303,0.0916
2026-10-09,2026-10-09,930c3e03-b4e9-4710-a14c-8fa9d91ffd6f,Michael Dietrich,0.4002,0.1495
2026-10-09,2026-10-09,3ec43e02-0b8f-42c7-9f3c-747df47afbb9,Michael Dietrich,0.4024,0.1408
2026-10-09,2026-10-12,49260cce-ff96-4a8f-b5f5-667d2c8fd22e,Michael Dietrich,0.3834,0.0827
2026-10-09,2026-10-09,31cffae7-17d9-4f31-be4f-48f21b42009e,Michael Dietrich,0.386,0.1083
2026-10-09,2026-10-09,98b6e1dd-2606-4db4-afae-34a2517d064c,Michael Dietrich,0.3021,0.1333
2026-10-09,2026-10-09,56e8dac1-346b-460c-ab02-7d970cf7d16a,Michael Dietrich,0.1949,0.0699
2026-10-09,2026-10-24,70df1c55-c560-47bf-81de-2ab3e4049452,Michael Dietrich,0.3934,0.1539
2026-10-09,2026-10-10,febfb90d-bf9a-45d6-a3f8-1250948200ce,Michael Dietrich,0.286,0.1107
2026-10-09,2026-10-10,a1fb714b-620d-4b9d-8188-5521dfc6a0d8,Michael Dietrich,0.4096,0.133
2026-10-09,2026-10-09,12a8b948-f6c9-41bf-8888-0762ff9c629c,Joseph Young,0.2641,0.0565
2026-10-09,2026-10-15,9b62e56a-fd9a-470b-8b06-62e96b9b6a69,Joseph Young,0.3256,0.0739
2026-10-09,2026-10-12,cfb7f6ae-6c8c-4f30-9e84-a904977ab18f,Joseph Young,0.3867,0.0877
2026-10-09,2026-10-12,ce2996dc-3048-4a43-8ce1-88878b548364,Joseph Young,0.1614,0.044
2026-10-09,2026-10-18,cd59d966-69d5-4580-bacf-f7d83b102b1f,Joseph Young,0.1759,0.0379
2026-10-09,2026-10-13,4321b426-c6b7-4a63-852c-0333066877f3,Joseph Young,0.3184,0.0898
2026-10-09,2026-10-12,88535837-1a2d-4664-93fa-282912466d66,Joseph Young,0.3035,0.07
2026-10-09,2026-10-17,4c646402-8255-405f-a914-eccf12e46270,Joseph Young,0.2563,0.0612
2026-10-09,2026-10-16,fb25d8f7-b110-4b76-ae4a-9a2fed5b5600,Joseph Young,0.2684,0.0634
2026-10-09,2026-10-12,c30ef459-377d-40f8-ab09-e3ce268dde5b,Joseph Young,0.2921,0.0692
2026-10-09,2026-10-13,24b3f3bf-b622-4ca1-b921-ab4819c967ba,Joseph Young,0.3307,0.0945
2026-10-09,2026-10-17,7df0ace8-7950-4ab8-9f99-a8e1eb0f5ff5,Joseph Young,0.2905,0.0646
2026-10-09,2026-10-10,b8b7dcd0-e0d4-482d-960e-fba6f5e0323b,Joseph Young,0.1681,0.0508
2026-10-09,2026-10-10,0cf6f8bf-b9a1-403e-bcf5-a648c6663878,Joseph Young,0.3137,0.0753
2026-10-09,2026-10-12,72411e21-d099-41c5-a749-7d8598bab06b,Joseph Young,0.2869,0.0664
2026-10-09,2026-10-10,e8fa4472-7f0e-41f8-9664-21f26886abda,Joseph Young,0.1878,0.0361
2026-10-09,2026-10-19,3f2b1223-e3c2-4ecc-b27b-fa285204d7c7,Joseph Young,0.2557,0.0821
2026-10-09,2026-10-10,ed0d560d-7d49-4136-b6e2-d6d495179f45,Joseph Young,0.2892,0.0678
2026-10-09,2026-10-12,9ca7dca3-7b00-4544-a602-077a5bd48500,Joseph Young,0.3019,0.0827
2026-10-09,2026-10-12,c76a313e-837b-401e-be22-a1aaa3e4bdfa,Joseph Young,0.3181,0.0623
2026-10-09,2026-10-14,4f9917cc-3e18-4d93-bb27-2b57417b2399,Joseph Young,0.3105,0.0674
2026-10-09,2026-10-13,9f11110b-eea1-4112-ac59-08a3eeefc629,Joseph Young,0.2466,0.0497
2026-10-09,2026-10-14,8f616b29-8579-43ef-a461-9b31d354e4b4,Joseph Young,0.203,0.0393
2026-10-09,2026-10-10,9807c356-4eb8-43db-8c58-1e0be81faef5,Joseph Young,0.3562,0.0928
2026-10-09,2026-10-13,908d52c1-e958-41b5-be97-8fcf51fbb64b,Joseph Young,0.302,0.0815
2026-10-09,2026-10-10,20b62fdb-3a3d-402a-a84b-ebe58e2ea16f,Joseph Young,0.2525,0.0449
2026-10-09,2026-10-13,767a1897-e97d-4773-9d48-76d31ae879ac,Joseph Young,0.3448,0.1291
2026-10-09,2026-10-12,d469fa9b-cb4a-4c84-9436-f5433adcb299,Joseph Young,0.2481,0.0509
2026-10-09,2026-10-15,8a2c56b8-edd5-4717-90a2-883d58a8c53c,Joseph Young,0.3477,0.0623
2026-10-09,2026-10-14,a6f518bb-bd9c-4cbb-a216-fb271add491b,Joseph Young,0.2836,0.0668
2026-10-09,2026-10-09,9bbb5b98-e81c-4676-b296-6901fad80a07,Joseph Young,0.1901,0.0428
2026-10-09,2026-10-09,5b68bb08-8978-40c9-ab78-b8a28bd1ea95,Joseph Young,0.2017,0.0428
2026-10-09,2026-10-09,54f1ecc8-32eb-44c0-aab5-3684bb67a5a2,Joseph Young,0.3821,0.1299
2026-10-09,2026-10-09,13fbd86a-ec59-4e91-a3cd-2b681a7be92e,Joseph Young,0.1917,0.0526
2026-10-09,2026-10-10,6e9ff9cb-04ed-4f22-be38-fa7fdb80c299,Joseph Young,0.3305,0.058
2026-10-09,2026-10-09,9381c724-a3a6-41e1-ae68-48cb02b18e71,Joseph Young,0.2207,0.056
2026-10-09,2026-10-12,fbca86b2-89a4-4c77-b483-2d8a0e921869,Joseph Young,0.184,0.0387
2026-10-09,2026-10-09,01d89b21-61bb-422e-b380-ae005d2ac5c2,Joseph Young,0.2852,0.0575
2026-10-09,2026-10-09,930c3e03-b4e9-4710-a14c-8fa9d91ffd6f,Joseph Young,0.3353,0.0887
2026-10-09,2026-10-09,3ec43e02-0b8f-42c7-9f3c-747df47afbb9,Joseph Young,0.3343,0.0851
2026-10-09,2026-10-12,49260cce-ff96-4a8f-b5f5-667d2c8fd22e,Joseph Young,0.3288,0.0507
2026-10-09,2026-10-09,31cffae7-17d9-4f31-be4f-48f21b42009e,Joseph Young,0.3139,0.0632
2026-10-09,2026-10-09,98b6e1dd-2606-4db4-afae-34a2517d064c,Joseph Young,0.2725,0.0789
2026-10-09,2026-10-09,56e8dac1-346b-460c-ab02-7d970cf7d16a,Joseph Young,0.1662,0.0411
2026-10-09,2026-10-24,70df1c55-c560-47bf-81de-2ab3e4049452,Joseph Young,0.3143,0.0994
2026-10-09,2026-10-10,febfb90d-bf9a-45d6-a3f8-1250948200ce,Joseph Young,0.2509,0.0656
2026-10-09,2026-10-10,a1fb714b-620d-4b9d-8188-5521dfc6a0d8,Joseph Young,0.3465,0.0777
2026-10-09,2026-10-09,12a8b948-f6c9-41bf-8888-0762ff9c629c,Steve Burns,0.201,0.0555
2026-10-09,2026-10-15,9b62e56a-fd9a-470b-8b06-62e96b9b6a69,Steve Burns,0.2746,0.0669
2026-10-09,2026-10-12,cfb7f6ae-6c8c-4f30-9e84-a904977ab18f,Steve Burns,0.2952,0.0828
2026-10-09,2026-10-12,ce2996dc-3048-4a43-8ce1-88878b548364,Steve Burns,0.1321,0.0425
2026-10-09,2026-10-18,cd59d966-69d5-4580-bacf-f7d83b102b1f,Steve Burns,0.142,0.0356
2026-10-09,2026-10-13,4321b426-c6b7-4a63-852c-0333066877f3,Steve Burns,0.2505,0.0829
2026-10-09,2026-10-12,88535837-1a2d-4664-93fa-282912466d66,Steve Burns,0.2466,0.0672
2026-10-09,2026-10-17,4c646402-8255-405f-a914-eccf12e46270,Steve Burns,0.1976,0.0604
2026-10-09,2026-10-16,fb25d8f7-b110-4b76-ae4a-9a2fed5b5600,Steve Burns,0.223,0.0611
2026-10-09,2026-10-12,c30ef459-377d-40f8-ab09-e3ce268dde5b,Steve Burns,0.2245,0.0667
2026-10-09,2026-10-13,24b3f3bf-b622-4ca1-b921-ab4819c967ba,Steve Burns,0.2887,0.089
2026-10-09,2026-10-17,7df0ace8-7950-4ab8-9f99-a8e1eb0f5ff5,Steve Burns,0.225,0.064
2026-10-09,2026-10-10,b8b7dcd0-e0d4-482d-960e-fba6f5e0323b,Steve Burns,0.1371,0.0485
2026-10-09,2026-10-10,0cf6f8bf-b9a1-403e-bcf5-a648c6663878,Steve Burns,0.2464,0.0694
2026-10-09,2026-10-12,72411e21-d099-41c5-a749-7d8598bab06b,Steve Burns,0.2202,0.064
2026-10-09,2026-10-10,e8fa4472-7f0e-41f8-9664-21f26886abda,Steve Burns,0.1498,0.0339
2026-10-09,2026-10-19,3f2b1223-e3c2-4ecc-b27b-fa285204d7c7,Steve Burns,0.2087,0.0784
2026-10-09,2026-10-10,ed0d560d-7d49-4136-b6e2-d6d495179f45,Steve Burns,0.2191,0.0654
2026-10-09,2026-10-12,9ca7dca3-7b00-4544-a602-077a5bd48500,Steve Burns,0.2395,0.0763
2026-10-09,2026-10-12,c76a313e-837b-401e-be22-a1aaa3e4bdfa,Steve Burns,0.2612,0.0578
2026-10-09,2026-10-14,4f9917cc-3e18-4d93-bb27-2b57417b2399,Steve Burns,0.2368,0.0689
2026-10-09,2026-10-13,9f11110b-eea1-4112-ac59-08a3eeefc629,Steve Burns,0.1776,0.0501
2026-10-09,2026-10-14,8f616b29-8579-43ef-a461-9b31d354e4b4,Steve Burns,0.1502,0.0386
2026-10-09,2026-10-10,9807c356-4eb8-43db-8c58-1e0be81faef5,Steve Burns,0.2721,0.0901
2026-10-09,2026-10-13,908d52c1-e958-41b5-be97-8fcf51fbb64b,Steve Burns,0.2291,0.0773
2026-10-09,2026-10-10,20b62fdb-3a3d-402a-a84b-ebe58e2ea16f,Steve Burns,0.1899,0.0441
2026-10-09,2026-10-13,767a1897-e97d-4773-9d48-76d31ae879ac,Steve Burns,0.2691,0.119
2026-10-09,2026-10-12,d469fa9b-cb4a-4c84-9436-f5433adcb299,Steve Burns,0.1863,0.05
2026-10-09,2026-10-15,8a2c56b8-edd5-4717-90a2-883d58a8c53c,Steve Burns,0.2685,0.0572
2026-10-09,2026-10-14,a6f518bb-bd9c-4cbb-a216-fb271add491b,Steve Burns,0.2365,0.0644
2026-10-09,2026-10-09,9bbb5b98-e81c-4676-b296-6901fad80a07,Steve Burns,0.1416,0.0416
2026-10-09,2026-10-09,5b68bb08-8978-40c9-ab78-b8a28bd1ea95,Steve Burns,0.1529,0.04
2026-10-09,2026-10-09,54f1ecc8-32eb-44c0-aab5-3684bb67a5a2,Steve Burns,0.3264,0.1244
2026-10-09,2026-10-09,13fbd86a-ec59-4e91-a3cd-2b681a7be92e,Steve Burns,0.1596,0.0513
2026-10-09,2026-10-10,6e9ff9cb-04ed-4f22-be38-fa7fdb80c299,Steve Burns,0.2483,0.0567
2026-10-09,2026-10-09,9381c724-a3a6-41e1-ae68-48cb02b18e71,Steve Burns,0.1741,0.0576
2026-10-09,2026-10-12,fbca86b2-89a4-4c77-b483-2d8a0e921869,Steve Burns,0.1352,0.0383
2026-10-09,2026-10-09,01d89b21-61bb-422e-b380-ae005d2ac5c2,Steve Burns,0.2168,0.0564
2026-10-09,2026-10-09,930c3e03-b4e9-4710-a14c-8fa9d91ffd6f,Steve Burns,0.251,0.087
2026-10-09,2026-10-09,3ec43e02-0b8f-42c7-9f3c-747df47afbb9,Steve Burns,0.2606,0.082
2026-10-09,2026-10-12,49260cce-ff96-4a8f-b5f5-667d2c8fd22e,Steve Burns,0.2476,0.0508
2026-10-09,2026-10-09,31cffae7-17d9-4f31-be4f-48f21b42009e,Steve Burns,0.2454,0.0602
2026-10-09,2026-10-09,98b6e1dd-2606-4db4-afae-34a2517d064c,Steve Burns,0.2038,0.0788
2026-10-09,2026-10-09,56e8dac1-346b-460c-ab02-7d970cf7d16a,Steve Burns,0.1214,0.0406
2026-10-09,2026-10-24,70df1c55-c560-47bf-81de-2ab3e4049452,Steve Burns,0.2581,0.0941
2026-10-09,2026-10-10,febfb90d-bf9a-45d6-a3f8-1250948200ce,Steve Burns,0.1916,0.064
2026-10-09,2026-10-10,a1fb714b-620d-4b9d-8188-5521dfc6a0d8,Steve Burns,0.2754,0.0747
2026-10-09,2026-10-09,12a8b948-f6c9-41bf-8888-0762ff9c629c,Michael Meinardus,0.255,0.083
2026-10-09,2026-10-15,9b62e56a-fd9a-470b-8b06-62e96b9b6a69,Michael Meinardus,0.3342,0.0951
2026-10-09,2026-10-12,cfb7f6ae-6c8c-4f30-9e84-a904977ab18f,Michael Meinardus,0.363,0.1221
2026-10-09,2026-10-12,ce2996dc-3048-4a43-8ce1-88878b548364,Michael Meinardus,0.1703,0.063
2026-10-09,2026-10-18,cd59d966-69d5-4580-bacf-f7d83b102b1f,Michael Meinardus,0.1834,0.0535
2026-10-09,2026-10-13,4321b426-c6b7-4a63-852c-0333066877f3,Michael Meinardus,0.312,0.1213
2026-10-09,2026-10-12,88535837-1a2d-4664-93fa-282912466d66,Michael Meinardus,0.3074,0.0991
2026-10-09,2026-10-17,4c646402-8255-405f-a914-eccf12e46270,Michael Meinardus,0.2472,0.0881
2026-10-09,2026-10-16,fb25d8f7-b110-4b76-ae4a-9a2fed5b5600,Michael Meinardus,0.2809,0.0915
2026-10-09,2026-10-12,c30ef459-377d-40f8-ab09-e3ce268dde5b,Michael Meinardus,0.2826,0.1002
2026-10-09,2026-10-13,24b3f3bf-b622-4ca1-b921-ab4819c967ba,Michael Meinardus,0.3505,0.1263
2026-10-09,2026-10-17,7df0ace8-7950-4ab8-9f99-a8e1eb0f5ff5,Michael Meinardus,0.2832,0.0962
2026-10-09,2026-10-10,b8b7dcd0-e0d4-482d-960e-fba6f5e0323b,Michael Meinardus,0.1764,0.0717
2026-10-09,2026-10-10,0cf6f8bf-b9a1-403e-bcf5-a648c6663878,Michael Meinardus,0.3073,0.1023
2026-10-09,2026-10-12,72411e21-d099-41c5-a749-7d8598bab06b,Michael Meinardus,0.2775,0.0962
2026-10-09,2026-10-10,e8fa4472-7f0e-41f8-9664-21f26886abda,Michael Meinardus,0.1929,0.051
2026-10-09,2026-10-19,3f2b1223-e3c2-4ecc-b27b-fa285204d7c7,Michael Meinardus,0.2641,0.1164
2026-10-09,2026-10-10,ed0d560d-7d49-4136-b6e2-d6d495179f45,Michael Meinardus,0.2762,0.0983
2026-10-09,2026-10-12,9ca7dca3-7b00-4544-a602-077a5bd48500,Michael Meinardus,0.2993,0.112
2026-10-09,2026-10-12,c76a313e-837b-401e-be22-a1aaa3e4bdfa,Michael Meinardus,0.3221,0.084
2026-10-09,2026-10-14,4f9917cc-3e18-4d93-bb27-2b57417b2399,Michael Meinardus,0.2968,0.1029
2026-10-09,2026-10-13,9f11110b-eea1-4112-ac59-08a3eeefc629,Michael Meinardus,0.2271,0.0757
2026-10-09,2026-10-14,8f616b29-8579-43ef-a461-9b31d354e4b4,Michael Meinardus,0.1925,0.0577
2026-10-09,2026-10-10,9807c356-4eb8-43db-8c58-1e0be81faef5,Michael Meinardus,0.3372,0.1331
2026-10-09,2026-10-13,908d52c1-e958-41b5-be97-8fcf51fbb64b,Michael Meinardus,0.2851,0.1124
2026-10-09,2026-10-10,20b62fdb-3a3d-402a-a84b-ebe58e2ea16f,Michael Meinardus,0.2402,0.0658
2026-10-09,2026-10-13,767a1897-e97d-4773-9d48-76d31ae879ac,Michael Meinardus,0.3287,0.1666
2026-10-09,2026-10-12,d469fa9b-cb4a-4c84-9436-f5433adcb299,Michael Meinardus,0.2359,0.0743
2026-10-09,2026-10-15,8a2c56b8-edd5-4717-90a2-883d58a8c53c,Michael Meinardus,0.3324,0.0848
2026-10-09,2026-10-14,a6f518bb-bd9c-4cbb-a216-fb271add491b,Michael Meinardus,0.2964,0.0963
2026-10-09,2026-10-09,9bbb5b98-e81c-4676-b296-6901fad80a07,Michael Meinardus,0.1833,0.0634
2026-10-09,2026-10-09,5b68bb08-8978-40c9-ab78-b8a28bd1ea95,Michael Meinardus,0.1972,0.0606
2026-10-09,2026-10-09,54f1ecc8-32eb-44c0-aab5-3684bb67a5a2,Michael Meinardus,0.394,0.1767
2026-10-09,2026-10-09,13fbd86a-ec59-4e91-a3cd-2b681a7be92e,Michael Meinardus,0.2053,0.0773
2026-10-09,2026-10-10,6e9ff9cb-04ed-4f22-be38-fa7fdb80c299,Michael Meinardus,0.3059,0.0825
2026-10-09,2026-10-09,9381c724-a3a6-41e1-ae68-48cb02b18e71,Michael Meinardus,0.2229,0.0861
2026-10-09,2026-10-12,fbca86b2-89a4-4c77-b483-2d8a0e921869,Michael Meinardus,0.1754,0.0584
2026-10-09,2026-10-09,01d89b21-61bb-422e-b380-ae005d2ac5c2,Michael Meinardus,0.2718,0.0836
2026-10-09,2026-10-09,930c3e03-b4e9-4710-a14c-8fa9d91ffd6f,Michael Meinardus,0.3132,0.1288
2026-10-09,2026-10-09,3ec43e02-0b8f-42c7-9f3c-747df47afbb9,Michael Meinardus,0.324,0.1222
2026-10-09,2026-10-12,49260cce-ff96-4a8f-b5f5-667d2c8fd22e,Michael Meinardus,0.3074,0.0752
2026-10-09,2026-10-09,31cffae7-17d9-4f31-be4f-48f21b42009e,Michael Meinardus,0.3067,0.0899
2026-10-09,2026-10-09,98b6e1dd-2606-4db4-afae-34a2517d064c,Michael Meinardus,0.2577,0.1161
2026-10-09,2026-10-09,56e8dac1-346b-460c-ab02-7d970cf7d16a,Michael Meinardus,0.1583,0.0618
2026-10-09,2026-10-24,70df1c55-c560-47bf-81de-2ab3e4049452,Michael Meinardus,0.3159,0.135
2026-10-09,2026-10-10,febfb90d-bf9a-45d6-a3f8-1250948200ce,Michael Meinardus,0.2418,0.0949
2026-10-09,2026-10-10,a1fb714b-620d-4b9d-8188-5521dfc6a0d8,Michael Meinardus,0.3384,0.1102
2026-10-10,2026-10-12,72411e21-d099-41c5-a749-7d8598bab06b,Querlim Franco,0.2264,0.0687
2026-10-10,2026-10-17,4c646402-8255-405f-a914-eccf12e46270,Querlim Franco,0.2028,0.0634
2026-10-10,2026-10-13,9f11110b-eea1-4112-ac59-08a3eeefc629,Querlim Franco,0.1809,0.0548
2026-10-10,2026-10-14,8f616b29-8579-43ef-a461-9b31d354e4b4,Querlim Franco,0.1557,0.0413
2026-10-10,2026-10-12,c76a313e-837b-401e-be22-a1aaa3e4bdfa,Querlim Franco,0.2673,0.059
2026-10-10,2026-10-14,4f9917cc-3e18-4d93-bb27-2b57417b2399,Querlim Franco,0.2436,0.074
2026-10-10,2026-10-14,a6f518bb-bd9c-4cbb-a216-fb271add491b,Querlim Franco,0.2434,0.0691
2026-10-10,2026-10-12,88535837-1a2d-4664-93fa-282912466d66,Querlim Franco,0.2523,0.0731
2026-10-10,2026-10-13,908d52c1-e958-41b5-be97-8fcf51fbb64b,Querlim Franco,0.2297,0.0818
2026-10-10,2026-10-16,fb25d8f7-b110-4b76-ae4a-9a2fed5b5600,Querlim Franco,0.2297,0.0657
2026-10-10,2026-10-12,9ca7dca3-7b00-4544-a602-077a5bd48500,Querlim Franco,0.2506,0.0822
2026-10-10,2026-10-19,3f2b1223-e3c2-4ecc-b27b-fa285204d7c7,Querlim Franco,0.2147,0.0858
2026-10-10,2026-10-15,9b62e56a-fd9a-470b-8b06-62e96b9b6a69,Querlim Franco,0.281,0.0673
2026-10-10,2026-10-18,cd59d966-69d5-4580-bacf-f7d83b102b1f,Querlim Franco,0.1469,0.0376
2026-10-10,2026-10-13,4321b426-c6b7-4a63-852c-0333066877f3,Querlim Franco,0.2602,0.0886
2026-10-10,2026-10-12,cfb7f6ae-6c8c-4f30-9e84-a904977ab18f,Querlim Franco,0.3014,0.089
2026-10-10,2026-10-12,ce2996dc-3048-4a43-8ce1-88878b548364,Querlim Franco,0.135,0.0451
2026-10-10,2026-10-12,c30ef459-377d-40f8-ab09-e3ce268dde5b,Querlim Franco,0.2308,0.0734
2026-10-10,2026-10-13,24b3f3bf-b622-4ca1-b921-ab4819c967ba,Querlim Franco,0.2924,0.0944
2026-10-10,2026-10-13,767a1897-e97d-4773-9d48-76d31ae879ac,Querlim Franco,0.271,0.1254
2026-10-10,2026-10-17,7df0ace8-7950-4ab8-9f99-a8e1eb0f5ff5,Querlim Franco,0.2313,0.0691
2026-10-10,2026-10-12,d469fa9b-cb4a-4c84-9436-f5433adcb299,Querlim Franco,0.1927,0.0532
2026-10-10,2026-10-15,8a2c56b8-edd5-4717-90a2-883d58a8c53c,Querlim Franco,0.2741,0.0582
2026-10-10,2026-10-24,70df1c55-c560-47bf-81de-2ab3e4049452,Querlim Franco,0.2635,0.0986
2026-10-10,2026-10-10,febfb90d-bf9a-45d6-a3f8-1250948200ce,Querlim Franco,0.1957,0.0681
2026-10-10,2026-10-10,a1fb714b-620d-4b9d-8188-5521dfc6a0d8,Querlim Franco,0.2809,0.0808
2026-10-10,2026-10-10,6e9ff9cb-04ed-4f22-be38-fa7fdb80c299,Querlim Franco,0.2519,0.0608
2026-10-10,2026-10-13,16999fcc-2cca-431f-8d2a-3a5fa1cc664b,Querlim Franco,0.3199,0.0828
2026-10-10,2026-10-14,5f05f555-168d-4a35-a540-91194ebd9450,Querlim Franco,0.3484,0.112
2026-10-10,2026-10-12,49260cce-ff96-4a8f-b5f5-667d2c8fd22e,Querlim Franco,0.2531,0.0547
2026-10-10,2026-10-12,fbca86b2-89a4-4c77-b483-2d8a0e921869,Querlim Franco,0.1393,0.0421
2026-10-10,2026-10-10,9807c356-4eb8-43db-8c58-1e0be81faef5,Querlim Franco,0.28,0.0973
2026-10-10,2026-10-10,20b62fdb-3a3d-402a-a84b-ebe58e2ea16f,Querlim Franco,0.1965,0.0479
2026-10-10,2026-10-10,ed0d560d-7d49-4136-b6e2-d6d495179f45,Querlim Franco,0.2244,0.0719
2026-10-10,2026-10-10,0cf6f8bf-b9a1-403e-bcf5-a648c6663878,Querlim Franco,0.2562,0.0731
2026-10-10,2026-10-10,e8fa4472-7f0e-41f8-9664-21f26886abda,Querlim Franco,0.1546,0.0352
2026-10-10,2026-10-10,b8b7dcd0-e0d4-482d-960e-fba6f5e0323b,Querlim Franco,0.1403,0.0526
2026-10-10,2026-10-12,72411e21-d099-41c5-a749-7d8598bab06b,Francesco Ambrosio,0.3563,0.1987
2026-10-10,2026-10-17,4c646402-8255-405f-a914-eccf12e46270,Francesco Ambrosio,0.3221,0.1877
2026-10-10,2026-10-13,9f11110b-eea1-4112-ac59-08a3eeefc629,Francesco Ambrosio,0.2688,0.1553
2026-10-10,2026-10-14,8f616b29-8579-43ef-a461-9b31d354e4b4,Francesco Ambrosio,0.2496,0.1177
2026-10-10,2026-10-12,c76a313e-837b-401e-be22-a1aaa3e4bdfa,Francesco Ambrosio,0.386,0.1469
2026-10-10,2026-10-14,4f9917cc-3e18-4d93-bb27-2b57417b2399,Francesco Ambrosio,0.3719,0.2109
2026-10-10,2026-10-14,a6f518bb-bd9c-4cbb-a216-fb271add491b,Francesco Ambrosio,0.3558,0.1824
2026-10-10,2026-10-12,88535837-1a2d-4664-93fa-282912466d66,Francesco Ambrosio,0.3696,0.1854
2026-10-10,2026-10-13,908d52c1-e958-41b5-be97-8fcf51fbb64b,Francesco Ambrosio,0.3799,0.2363
2026-10-10,2026-10-16,fb25d8f7-b110-4b76-ae4a-9a2fed5b5600,Francesco Ambrosio,0.3387,0.1744
2026-10-10,2026-10-12,9ca7dca3-7b00-4544-a602-077a5bd48500,Francesco Ambrosio,0.379,0.2077
2026-10-10,2026-10-19,3f2b1223-e3c2-4ecc-b27b-fa285204d7c7,Francesco Ambrosio,0.3138,0.2204
2026-10-10,2026-10-15,9b62e56a-fd9a-470b-8b06-62e96b9b6a69,Francesco Ambrosio,0.4067,0.1629
2026-10-10,2026-10-18,cd59d966-69d5-4580-bacf-f7d83b102b1f,Francesco Ambrosio,0.232,0.1001
2026-10-10,2026-10-13,4321b426-c6b7-4a63-852c-0333066877f3,Francesco Ambrosio,0.3806,0.2163
2026-10-10,2026-10-12,cfb7f6ae-6c8c-4f30-9e84-a904977ab18f,Francesco Ambrosio,0.4283,0.2314
2026-10-10,2026-10-12,ce2996dc-3048-4a43-8ce1-88878b548364,Francesco Ambrosio,0.1916,0.1147
2026-10-10,2026-10-12,c30ef459-377d-40f8-ab09-e3ce268dde5b,Francesco Ambrosio,0.362,0.2102
2026-10-10,2026-10-13,24b3f3bf-b622-4ca1-b921-ab4819c967ba,Francesco Ambrosio,0.4273,0.254
2026-10-10,2026-10-13,767a1897-e97d-4773-9d48-76d31ae879ac,Francesco Ambrosio,0.4263,0.312
2026-10-10,2026-10-17,7df0ace8-7950-4ab8-9f99-a8e1eb0f5ff5,Francesco Ambrosio,0.3505,0.1982
2026-10-10,2026-10-12,d469fa9b-cb4a-4c84-9436-f5433adcb299,Francesco Ambrosio,0.3009,0.1483
2026-10-10,2026-10-15,8a2c56b8-edd5-4717-90a2-883d58a8c53c,Francesco Ambrosio,0.4194,0.1587
2026-10-10,2026-10-24,70df1c55-c560-47bf-81de-2ab3e4049452,Francesco Ambrosio,0.435,0.2946
2026-10-10,2026-10-10,febfb90d-bf9a-45d6-a3f8-1250948200ce,Francesco Ambrosio,0.3181,0.2035
2026-10-10,2026-10-10,a1fb714b-620d-4b9d-8188-5521dfc6a0d8,Francesco Ambrosio,0.4381,0.2352
2026-10-10,2026-10-10,6e9ff9cb-04ed-4f22-be38-fa7fdb80c299,Francesco Ambrosio,0.3953,0.1809
2026-10-10,2026-10-13,16999fcc-2cca-431f-8d2a-3a5fa1cc664b,Francesco Ambrosio,0.4828,0.219
2026-10-10,2026-10-14,5f05f555-168d-4a35-a540-91194ebd9450,Francesco Ambrosio,0.5491,0.3212
2026-10-10,2026-10-12,49260cce-ff96-4a8f-b5f5-667d2c8fd22e,Francesco Ambrosio,0.3769,0.154
2026-10-10,2026-10-12,fbca86b2-89a4-4c77-b483-2d8a0e921869,Francesco Ambrosio,0.2243,0.1249
2026-10-10,2026-10-10,9807c356-4eb8-43db-8c58-1e0be81faef5,Francesco Ambrosio,0.426,0.2663
2026-10-10,2026-10-10,20b62fdb-3a3d-402a-a84b-ebe58e2ea16f,Francesco Ambrosio,0.306,0.1347
2026-10-10,2026-10-10,ed0d560d-7d49-4136-b6e2-d6d495179f45,Francesco Ambrosio,0.3438,0.2015
2026-10-10,2026-10-10,0cf6f8bf-b9a1-403e-bcf5-a648c6663878,Francesco Ambrosio,0.3757,0.1828
2026-10-10,2026-10-10,e8fa4472-7f0e-41f8-9664-21f26886abda,Francesco Ambrosio,0.235,0.0916
2026-10-10,2026-10-10,b8b7dcd0-e0d4-482d-960e-fba6f5e0323b,Francesco Ambrosio,0.2078,0.1368
2026-10-10,2026-10-12,72411e21-d099-41c5-a749-7d8598bab06b,Michael Dietrich,0.3519,0.1114
2026-10-10,2026-10-17,4c646402-8255-405f-a914-eccf12e46270,Michael Dietrich,0.2871,0.0942
2026-10-10,2026-10-13,9f11110b-eea1-4112-ac59-08a3eeefc629,Michael Dietrich,0.2921,0.0903
2026-10-10,2026-10-14,8f616b29-8579-43ef-a461-9b31d354e4b4,Michael Dietrich,0.2431,0.0641
2026-10-10,2026-10-12,c76a313e-837b-401e-be22-a1aaa3e4bdfa,Michael Dietrich,0.3888,0.0887
2026-10-10,2026-10-14,4f9917cc-3e18-4d93-bb27-2b57417b2399,Michael Dietrich,0.3731,0.1307
2026-10-10,2026-10-14,a6f518bb-bd9c-4cbb-a216-fb271add491b,Michael Dietrich,0.3949,0.1199
2026-10-10,2026-10-12,88535837-1a2d-4664-93fa-282912466d66,Michael Dietrich,0.393,0.1163
2026-10-10,2026-10-13,908d52c1-e958-41b5-be97-8fcf51fbb64b,Michael Dietrich,0.3356,0.123
2026-10-10,2026-10-16,fb25d8f7-b110-4b76-ae4a-9a2fed5b5600,Michael Dietrich,0.3769,0.1144
2026-10-10,2026-10-12,9ca7dca3-7b00-4544-a602-077a5bd48500,Michael Dietrich,0.3777,0.132
2026-10-10,2026-10-19,3f2b1223-e3c2-4ecc-b27b-fa285204d7c7,Michael Dietrich,0.3645,0.1509
2026-10-10,2026-10-15,9b62e56a-fd9a-470b-8b06-62e96b9b6a69,Michael Dietrich,0.3996,0.0979
2026-10-10,2026-10-18,cd59d966-69d5-4580-bacf-f7d83b102b1f,Michael Dietrich,0.2369,0.0608
2026-10-10,2026-10-13,4321b426-c6b7-4a63-852c-0333066877f3,Michael Dietrich,0.3953,0.1469
2026-10-10,2026-10-12,cfb7f6ae-6c8c-4f30-9e84-a904977ab18f,Michael Dietrich,0.4605,0.1497
2026-10-10,2026-10-12,ce2996dc-3048-4a43-8ce1-88878b548364,Michael Dietrich,0.2246,0.0753
2026-10-10,2026-10-12,c30ef459-377d-40f8-ab09-e3ce268dde5b,Michael Dietrich,0.3577,0.1187
2026-10-10,2026-10-13,24b3f3bf-b622-4ca1-b921-ab4819c967ba,Michael Dietrich,0.4357,0.1346
2026-10-10,2026-10-13,767a1897-e97d-4773-9d48-76d31ae879ac,Michael Dietrich,0.3605,0.1775
2026-10-10,2026-10-17,7df0ace8-7950-4ab8-9f99-a8e1eb0f5ff5,Michael Dietrich,0.3424,0.108
2026-10-10,2026-10-12,d469fa9b-cb4a-4c84-9436-f5433adcb299,Michael Dietrich,0.2936,0.0821
2026-10-10,2026-10-15,8a2c56b8-edd5-4717-90a2-883d58a8c53c,Michael Dietrich,0.3841,0.0887
2026-10-10,2026-10-24,70df1c55-c560-47bf-81de-2ab3e4049452,Michael Dietrich,0.392,0.1502
2026-10-10,2026-10-10,febfb90d-bf9a-45d6-a3f8-1250948200ce,Michael Dietrich,0.2853,0.1091
2026-10-10,2026-10-10,a1fb714b-620d-4b9d-8188-5521dfc6a0d8,Michael Dietrich,0.4093,0.1334
2026-10-10,2026-10-10,6e9ff9cb-04ed-4f22-be38-fa7fdb80c299,Michael Dietrich,0.3738,0.0953
2026-10-10,2026-10-13,16999fcc-2cca-431f-8d2a-3a5fa1cc664b,Michael Dietrich,0.4264,0.1093
2026-10-10,2026-10-14,5f05f555-168d-4a35-a540-91194ebd9450,Michael Dietrich,0.4648,0.1572
2026-10-10,2026-10-12,49260cce-ff96-4a8f-b5f5-667d2c8fd22e,Michael Dietrich,0.3856,0.0849
2026-10-10,2026-10-12,fbca86b2-89a4-4c77-b483-2d8a0e921869,Michael Dietrich,0.2158,0.0673
2026-10-10,2026-10-10,9807c356-4eb8-43db-8c58-1e0be81faef5,Michael Dietrich,0.4143,0.1573
2026-10-10,2026-10-10,20b62fdb-3a3d-402a-a84b-ebe58e2ea16f,Michael Dietrich,0.2986,0.074
2026-10-10,2026-10-10,ed0d560d-7d49-4136-b6e2-d6d495179f45,Michael Dietrich,0.3547,0.1207
2026-10-10,2026-10-10,0cf6f8bf-b9a1-403e-bcf5-a648c6663878,Michael Dietrich,0.3903,0.1225
2026-10-10,2026-10-10,e8fa4472-7f0e-41f8-9664-21f26886abda,Michael Dietrich,0.2525,0.0593
2026-10-10,2026-10-10,b8b7dcd0-e0d4-482d-960e-fba6f5e0323b,Michael Dietrich,0.2269,0.0838
2026-10-10,2026-10-12,72411e21-d099-41c5-a749-7d8598bab06b,Joseph Young,0.2876,0.0648
2026-10-10,2026-10-17,4c646402-8255-405f-a914-eccf12e46270,Joseph Young,0.2564,0.0597
2026-10-10,2026-10-13,9f11110b-eea1-4112-ac59-08a3eeefc629,Joseph Young,0.2451,0.0495
2026-10-10,2026-10-14,8f616b29-8579-43ef-a461-9b31d354e4b4,Joseph Young,0.2046,0.0388
2026-10-10,2026-10-12,c76a313e-837b-401e-be22-a1aaa3e4bdfa,Joseph Young,0.3177,0.0597
2026-10-10,2026-10-14,4f9917cc-3e18-4d93-bb27-2b57417b2399,Joseph Young,0.3117,0.0667
2026-10-10,2026-10-14,a6f518bb-bd9c-4cbb-a216-fb271add491b,Joseph Young,0.2846,0.0652
2026-10-10,2026-10-12,88535837-1a2d-4664-93fa-282912466d66,Joseph Young,0.3033,0.0703
2026-10-10,2026-10-13,908d52c1-e958-41b5-be97-8fcf51fbb64b,Joseph Young,0.2963,0.0801
2026-10-10,2026-10-16,fb25d8f7-b110-4b76-ae4a-9a2fed5b5600,Joseph Young,0.2694,0.062
2026-10-10,2026-10-12,9ca7dca3-7b00-4544-a602-077a5bd48500,Joseph Young,0.3075,0.0824
2026-10-10,2026-10-19,3f2b1223-e3c2-4ecc-b27b-fa285204d7c7,Joseph Young,0.2562,0.0819
2026-10-10,2026-10-15,9b62e56a-fd9a-470b-8b06-62e96b9b6a69,Joseph Young,0.3252,0.0705
2026-10-10,2026-10-18,cd59d966-69d5-4580-bacf-f7d83b102b1f,Joseph Young,0.1767,0.0367
2026-10-10,2026-10-13,4321b426-c6b7-4a63-852c-0333066877f3,Joseph Young,0.3222,0.0889
2026-10-10,2026-10-12,cfb7f6ae-6c8c-4f30-9e84-a904977ab18f,Joseph Young,0.3864,0.0868
2026-10-10,2026-10-12,ce2996dc-3048-4a43-8ce1-88878b548364,Joseph Young,0.1604,0.0431
2026-10-10,2026-10-12,c30ef459-377d-40f8-ab09-e3ce268dde5b,Joseph Young,0.2928,0.0692
2026-10-10,2026-10-13,24b3f3bf-b622-4ca1-b921-ab4819c967ba,Joseph Young,0.3276,0.0942
2026-10-10,2026-10-13,767a1897-e97d-4773-9d48-76d31ae879ac,Joseph Young,0.34,0.1289
2026-10-10,2026-10-17,7df0ace8-7950-4ab8-9f99-a8e1eb0f5ff5,Joseph Young,0.2911,0.0634
2026-10-10,2026-10-12,d469fa9b-cb4a-4c84-9436-f5433adcb299,Joseph Young,0.2498,0.05
2026-10-10,2026-10-15,8a2c56b8-edd5-4717-90a2-883d58a8c53c,Joseph Young,0.3469,0.0587
2026-10-10,2026-10-24,70df1c55-c560-47bf-81de-2ab3e4049452,Joseph Young,0.3135,0.0967
2026-10-10,2026-10-10,febfb90d-bf9a-45d6-a3f8-1250948200ce,Joseph Young,0.2499,0.0639
2026-10-10,2026-10-10,a1fb714b-620d-4b9d-8188-5521dfc6a0d8,Joseph Young,0.3457,0.077
2026-10-10,2026-10-10,6e9ff9cb-04ed-4f22-be38-fa7fdb80c299,Joseph Young,0.3278,0.0581
2026-10-10,2026-10-13,16999fcc-2cca-431f-8d2a-3a5fa1cc664b,Joseph Young,0.383,0.0891
2026-10-10,2026-10-14,5f05f555-168d-4a35-a540-91194ebd9450,Joseph Young,0.4146,0.1133
2026-10-10,2026-10-12,49260cce-ff96-4a8f-b5f5-667d2c8fd22e,Joseph Young,0.3284,0.0506
2026-10-10,2026-10-12,fbca86b2-89a4-4c77-b483-2d8a0e921869,Joseph Young,0.1842,0.0386
2026-10-10,2026-10-10,9807c356-4eb8-43db-8c58-1e0be81faef5,Joseph Young,0.358,0.0918
2026-10-10,2026-10-10,20b62fdb-3a3d-402a-a84b-ebe58e2ea16f,Joseph Young,0.2543,0.045
2026-10-10,2026-10-10,ed0d560d-7d49-4136-b6e2-d6d495179f45,Joseph Young,0.2889,0.0678
2026-10-10,2026-10-10,0cf6f8bf-b9a1-403e-bcf5-a648c6663878,Joseph Young,0.3176,0.0733
2026-10-10,2026-10-10,e8fa4472-7f0e-41f8-9664-21f26886abda,Joseph Young,0.1884,0.0344
2026-10-10,2026-10-10,b8b7dcd0-e0d4-482d-960e-fba6f5e0323b,Joseph Young,0.1672,0.0509
2026-10-10,2026-10-12,72411e21-d099-41c5-a749-7d8598bab06b,Steve Burns,0.2207,0.0626
2026-10-10,2026-10-17,4c646402-8255-405f-a914-eccf12e46270,Steve Burns,0.1976,0.0589
2026-10-10,2026-10-13,9f11110b-eea1-4112-ac59-08a3eeefc629,Steve Burns,0.1761,0.0501
2026-10-10,2026-10-14,8f616b29-8579-43ef-a461-9b31d354e4b4,Steve Burns,0.1515,0.0381
2026-10-10,2026-10-12,c76a313e-837b-401e-be22-a1aaa3e4bdfa,Steve Burns,0.261,0.0552
2026-10-10,2026-10-14,4f9917cc-3e18-4d93-bb27-2b57417b2399,Steve Burns,0.2376,0.0682
2026-10-10,2026-10-14,a6f518bb-bd9c-4cbb-a216-fb271add491b,Steve Burns,0.2374,0.0629
2026-10-10,2026-10-12,88535837-1a2d-4664-93fa-282912466d66,Steve Burns,0.2462,0.0675
2026-10-10,2026-10-13,908d52c1-e958-41b5-be97-8fcf51fbb64b,Steve Burns,0.224,0.076
2026-10-10,2026-10-16,fb25d8f7-b110-4b76-ae4a-9a2fed5b5600,Steve Burns,0.224,0.0598
2026-10-10,2026-10-12,9ca7dca3-7b00-4544-a602-077a5bd48500,Steve Burns,0.2445,0.0759
2026-10-10,2026-10-19,3f2b1223-e3c2-4ecc-b27b-fa285204d7c7,Steve Burns,0.2092,0.0783
2026-10-10,2026-10-15,9b62e56a-fd9a-470b-8b06-62e96b9b6a69,Steve Burns,0.2744,0.0636
2026-10-10,2026-10-18,cd59d966-69d5-4580-bacf-f7d83b102b1f,Steve Burns,0.1428,0.0345
2026-10-10,2026-10-13,4321b426-c6b7-4a63-852c-0333066877f3,Steve Burns,0.2539,0.0819
2026-10-10,2026-10-12,cfb7f6ae-6c8c-4f30-9e84-a904977ab18f,Steve Burns,0.2945,0.082
2026-10-10,2026-10-12,ce2996dc-3048-4a43-8ce1-88878b548364,Steve Burns,0.1312,0.0416
2026-10-10,2026-10-12,c30ef459-377d-40f8-ab09-e3ce268dde5b,Steve Burns,0.225,0.0669
2026-10-10,2026-10-13,24b3f3bf-b622-4ca1-b921-ab4819c967ba,Steve Burns,0.2856,0.0885
2026-10-10,2026-10-13,767a1897-e97d-4773-9d48-76d31ae879ac,Steve Burns,0.2646,0.1184
2026-10-10,2026-10-17,7df0ace8-7950-4ab8-9f99-a8e1eb0f5ff5,Steve Burns,0.2255,0.063
2026-10-10,2026-10-12,d469fa9b-cb4a-4c84-9436-f5433adcb299,Steve Burns,0.1877,0.0491
2026-10-10,2026-10-15,8a2c56b8-edd5-4717-90a2-883d58a8c53c,Steve Burns,0.2677,0.0539
2026-10-10,2026-10-24,70df1c55-c560-47bf-81de-2ab3e4049452,Steve Burns,0.2572,0.0914
2026-10-10,2026-10-10,febfb90d-bf9a-45d6-a3f8-1250948200ce,Steve Burns,0.1906,0.0624
2026-10-10,2026-10-10,a1fb714b-620d-4b9d-8188-5521dfc6a0d8,Steve Burns,0.2744,0.0741
2026-10-10,2026-10-10,6e9ff9cb-04ed-4f22-be38-fa7fdb80c299,Steve Burns,0.2457,0.0567
2026-10-10,2026-10-13,16999fcc-2cca-431f-8d2a-3a5fa1cc664b,Steve Burns,0.3128,0.0786
2026-10-10,2026-10-14,5f05f555-168d-4a35-a540-91194ebd9450,Steve Burns,0.3409,0.105
2026-10-10,2026-10-12,49260cce-ff96-4a8f-b5f5-667d2c8fd22e,Steve Burns,0.2469,0.0507
2026-10-10,2026-10-12,fbca86b2-89a4-4c77-b483-2d8a0e921869,Steve Burns,0.1354,0.0382
2026-10-10,2026-10-10,9807c356-4eb8-43db-8c58-1e0be81faef5,Steve Burns,0.2735,0.0893
2026-10-10,2026-10-10,20b62fdb-3a3d-402a-a84b-ebe58e2ea16f,Steve Burns,0.1914,0.0442
2026-10-10,2026-10-10,ed0d560d-7d49-4136-b6e2-d6d495179f45,Steve Burns,0.2187,0.0655
2026-10-10,2026-10-10,0cf6f8bf-b9a1-403e-bcf5-a648c6663878,Steve Burns,0.25,0.0675
2026-10-10,2026-10-10,e8fa4472-7f0e-41f8-9664-21f26886abda,Steve Burns,0.1504,0.0323
2026-10-10,2026-10-10,b8b7dcd0-e0d4-482d-960e-fba6f5e0323b,Steve Burns,0.1364,0.0486
2026-10-10,2026-10-12,72411e21-d099-41c5-a749-7d8598bab06b,Michael Meinardus,0.2775,0.0951
2026-10-10,2026-10-17,4c646402-8255-405f-a914-eccf12e46270,Michael Meinardus,0.2467,0.0867
2026-10-10,2026-10-13,9f11110b-eea1-4112-ac59-08a3eeefc629,Michael Meinardus,0.2248,0.0763
2026-10-10,2026-10-14,8f616b29-8579-43ef-a461-9b31d354e4b4,Michael Meinardus,0.1935,0.0574
2026-10-10,2026-10-12,c76a313e-837b-401e-be22-a1aaa3e4bdfa,Michael Meinardus,0.3212,0.0811
2026-10-10,2026-10-14,4f9917cc-3e18-4d93-bb27-2b57417b2399,Michael Meinardus,0.2971,0.1028
2026-10-10,2026-10-14,a6f518bb-bd9c-4cbb-a216-fb271add491b,Michael Meinardus,0.2969,0.095
2026-10-10,2026-10-12,88535837-1a2d-4664-93fa-282912466d66,Michael Meinardus,0.3063,0.1003
2026-10-10,2026-10-13,908d52c1-e958-41b5-be97-8fcf51fbb64b,Michael Meinardus,0.2785,0.1116
2026-10-10,2026-10-16,fb25d8f7-b110-4b76-ae4a-9a2fed5b5600,Michael Meinardus,0.2813,0.0905
2026-10-10,2026-10-12,9ca7dca3-7b00-4544-a602-077a5bd48500,Michael Meinardus,0.3044,0.1125
2026-10-10,2026-10-19,3f2b1223-e3c2-4ecc-b27b-fa285204d7c7,Michael Meinardus,0.2641,0.1173
2026-10-10,2026-10-15,9b62e56a-fd9a-470b-8b06-62e96b9b6a69,Michael Meinardus,0.3332,0.0912
2026-10-10,2026-10-18,cd59d966-69d5-4580-bacf-f7d83b102b1f,Michael Meinardus,0.1838,0.0524
2026-10-10,2026-10-13,4321b426-c6b7-4a63-852c-0333066877f3,Michael Meinardus,0.3151,0.121
2026-10-10,2026-10-12,cfb7f6ae-6c8c-4f30-9e84-a904977ab18f,Michael Meinardus,0.3615,0.1221
2026-10-10,2026-10-12,ce2996dc-3048-4a43-8ce1-88878b548364,Michael Meinardus,0.1688,0.0623
2026-10-10,2026-10-12,c30ef459-377d-40f8-ab09-e3ce268dde5b,Michael Meinardus,0.2825,0.1013
2026-10-10,2026-10-13,24b3f3bf-b622-4ca1-b921-ab4819c967ba,Michael Meinardus,0.3464,0.1267
2026-10-10,2026-10-13,767a1897-e97d-4773-9d48-76d31ae879ac,Michael Meinardus,0.3229,0.1672
2026-10-10,2026-10-17,7df0ace8-7950-4ab8-9f99-a8e1eb0f5ff5,Michael Meinardus,0.2831,0.0956
2026-10-10,2026-10-12,d469fa9b-cb4a-4c84-9436-f5433adcb299,Michael Meinardus,0.2369,0.0737
2026-10-10,2026-10-15,8a2c56b8-edd5-4717-90a2-883d58a8c53c,Michael Meinardus,0.3307,0.0807
2026-10-10,2026-10-24,70df1c55-c560-47bf-81de-2ab3e4049452,Michael Meinardus,0.3143,0.1324
2026-10-10,2026-10-10,febfb90d-bf9a-45d6-a3f8-1250948200ce,Michael Meinardus,0.2401,0.0934
2026-10-10,2026-10-10,a1fb714b-620d-4b9d-8188-5521dfc6a0d8,Michael Meinardus,0.3366,0.1103
2026-10-10,2026-10-10,6e9ff9cb-04ed-4f22-be38-fa7fdb80c299,Michael Meinardus,0.3023,0.0832
2026-10-10,2026-10-13,16999fcc-2cca-431f-8d2a-3a5fa1cc664b,Michael Meinardus,0.3756,0.1121
2026-10-10,2026-10-14,5f05f555-168d-4a35-a540-91194ebd9450,Michael Meinardus,0.4057,0.1494
2026-10-10,2026-10-12,49260cce-ff96-4a8f-b5f5-667d2c8fd22e,Michael Meinardus,0.3059,0.0757
2026-10-10,2026-10-12,fbca86b2-89a4-4c77-b483-2d8a0e921869,Michael Meinardus,0.1752,0.0589
2026-10-10,2026-10-10,9807c356-4eb8-43db-8c58-1e0be81faef5,Michael Meinardus,0.3379,0.1331
2026-10-10,2026-10-10,20b62fdb-3a3d-402a-a84b-ebe58e2ea16f,Michael Meinardus,0.2413,0.0664
2026-10-10,2026-10-10,ed0d560d-7d49-4136-b6e2-d6d495179f45,Michael Meinardus,0.2752,0.0993
2026-10-10,2026-10-10,0cf6f8bf-b9a1-403e-bcf5-a648c6663878,Michael Meinardus,0.3107,0.1003
2026-10-10,2026-10-10,e8fa4472-7f0e-41f8-9664-21f26886abda,Michael Meinardus,0.1931,0.0491
2026-10-10,2026-10-10,b8b7dcd0-e0d4-482d-960e-fba6f5e0323b,Michael Meinardus,0.1751,0.0725
