date,platform,campaign,spend,impressions,clicks,platform_leads
"2025-09-05","Google Ads","LocalServicesCampaign:SystemGenerated:0005d4f18c77de40","0","104","2","0"
"2025-09-05","Meta","[LG] RRSP – ABO - 9/3/25","117.11","7117","132","2"
"2025-09-06","Google Ads","LocalServicesCampaign:SystemGenerated:0005d4f18c77de40","0","82","7","0"
"2025-09-06","Meta","[LG] RRSP – ABO - 9/3/25","184.87","5975","109","1"
"2025-09-07","Google Ads","LocalServicesCampaign:SystemGenerated:0005d4f18c77de40","0","168","27","0"
"2025-09-07","Meta","[LG] RRSP – ABO - 9/3/25","203.59","5788","73","2"
"2025-09-08","Google Ads","LocalServicesCampaign:SystemGenerated:0005d4f18c77de40","0","110","4","0"
"2025-09-08","Meta","[LG] RRSP – ABO - 9/3/25","209.12","4901","66","1"
"2025-09-09","Google Ads","LocalServicesCampaign:SystemGenerated:0005d4f18c77de40","0","87","5","0"
"2025-09-09","Meta","[LG] RRSP – ABO - 9/3/25","224.42","5570","81","0"
"2025-09-10","Google Ads","LocalServicesCampaign:SystemGenerated:0005d4f18c77de40","73.5","97","9","1"
"2025-09-10","Meta","[LG] RRSP – ABO - 9/3/25","193.92","6029","70","0"
"2025-09-11","Google Ads","LocalServicesCampaign:SystemGenerated:0005d4f18c77de40","0","46","2","0"
"2025-09-11","Meta","[LG] RRSP – ABO - 9/3/25","188.29","6437","52","0"
"2025-09-12","Google Ads","LocalServicesCampaign:SystemGenerated:0005d4f18c77de40","0","44","2","0"
"2025-09-12","Meta","[LG] RRSP – ABO - 9/3/25","193.2","5089","69","1"
"2025-09-13","Google Ads","LocalServicesCampaign:SystemGenerated:0005d4f18c77de40","0","49","2","0"
"2025-09-13","Meta","[LG] RRSP – ABO - 9/3/25","186.79","5122","44","0"
"2025-09-14","Google Ads","LocalServicesCampaign:SystemGenerated:0005d4f18c77de40","0","30","2","0"
"2025-09-14","Meta","[LG] RRSP – ABO - 9/3/25","253.91","4895","40","0"
"2025-09-15","Google Ads","LocalServicesCampaign:SystemGenerated:0005d4f18c77de40","0","37","1","0"
"2025-09-15","Meta","[LG] RRSP – ABO - 9/3/25","199.74","4042","42","1"
"2025-09-16","Google Ads","LocalServicesCampaign:SystemGenerated:0005d4f18c77de40","0","69","2","0"
"2025-09-16","Meta","[LG] RRSP – ABO - 9/3/25","209.17","4615","49","0"
"2025-09-17","Google Ads","LocalServicesCampaign:SystemGenerated:0005d4f18c77de40","0","57","5","0"
"2025-09-17","Meta","[LG] RRSP – ABO - 9/3/25","195.49","4480","46","0"
"2025-09-18","Google Ads","LocalServicesCampaign:SystemGenerated:0005d4f18c77de40","0","96","1","0"
"2025-09-18","Meta","[LG] RRSP – ABO - 9/3/25","157.25","3810","45","0"
"2025-09-19","Google Ads","LocalServicesCampaign:SystemGenerated:0005d4f18c77de40","0","68","4","0"
"2025-09-19","Meta","[LG] RRSP – ABO - 9/3/25","181.37","5435","57","0"
"2025-09-20","Google Ads","LocalServicesCampaign:SystemGenerated:0005d4f18c77de40","0","69","2","0"
"2025-09-20","Meta","[LG] RRSP – ABO - 9/3/25","196.56","4777","50","0"
"2025-09-21","Google Ads","LocalServicesCampaign:SystemGenerated:0005d4f18c77de40","0","15","1","0"
"2025-09-21","Meta","[LG] RRSP – ABO - 9/3/25","218.9","5541","61","0"
"2025-09-22","Google Ads","LocalServicesCampaign:SystemGenerated:0005d4f18c77de40","0","89","3","0"
"2025-09-22","Meta","[LG] RRSP – ABO - 9/3/25","218.51","4917","41","0"
"2025-09-23","Google Ads","LocalServicesCampaign:SystemGenerated:0005d4f18c77de40","0","72","1","0"
"2025-09-23","Meta","[LG] RRSP – ABO - 9/3/25","181.78","3955","32","0"
"2025-09-24","Google Ads","LocalServicesCampaign:SystemGenerated:0005d4f18c77de40","0","117","0","0"
"2025-09-24","Meta","[LG] RRSP – ABO - 9/3/25","164.55","3988","38","0"
"2025-09-25","Google Ads","LocalServicesCampaign:SystemGenerated:0005d4f18c77de40","0","175","11","0"
"2025-09-25","Meta","[LG] RRSP – ABO - 9/3/25","151.55","4046","36","0"
"2025-09-26","Google Ads","LocalServicesCampaign:SystemGenerated:0005d4f18c77de40","0","42","3","0"
"2025-09-26","Meta","[LG] RRSP – ABO - 9/3/25","157.17","3557","21","0"
"2025-09-27","Google Ads","LocalServicesCampaign:SystemGenerated:0005d4f18c77de40","151.58","52","2","1"
"2025-09-27","Meta","[LG] RRSP – ABO - 9/3/25","145.12","3262","26","0"
"2025-09-28","Google Ads","LocalServicesCampaign:SystemGenerated:0005d4f18c77de40","144.9","45","2","1"
"2025-09-28","Meta","[LG] RRSP – ABO - 9/3/25","207.81","4923","53","0"
"2025-09-29","Google Ads","LocalServicesCampaign:SystemGenerated:0005d4f18c77de40","0","46","6","0"
"2025-09-29","Meta","[LG] RRSP – ABO - 9/3/25","187.43","4034","33","1"
"2025-09-30","Google Ads","LocalServicesCampaign:SystemGenerated:0005d4f18c77de40","0","54","3","0"
"2025-10-01","Google Ads","LocalServicesCampaign:SystemGenerated:0005d4f18c77de40","0","31","1","0"
"2025-10-02","Google Ads","LocalServicesCampaign:SystemGenerated:0005d4f18c77de40","0","65","2","0"
"2025-10-03","Google Ads","LocalServicesCampaign:SystemGenerated:0005d4f18c77de40","0","50","5","0"
"2025-10-03","Meta","[LG] RRSP – ABO - 9/3/25","0","0","0","0"
"2025-10-04","Google Ads","LocalServicesCampaign:SystemGenerated:0005d4f18c77de40","0","31","1","0"
"2025-10-04","Meta","[LG] RRSP – ABO - 9/3/25","0","0","0","0"
"2025-10-05","Google Ads","LocalServicesCampaign:SystemGenerated:0005d4f18c77de40","0","15","0","0"
"2025-10-06","Google Ads","LocalServicesCampaign:SystemGenerated:0005d4f18c77de40","0","49","2","0"
"2025-10-07","Google Ads","LocalServicesCampaign:SystemGenerated:0005d4f18c77de40","0","42","1","0"
"2025-10-08","Google Ads","LocalServicesCampaign:SystemGenerated:0005d4f18c77de40","0","19","1","0"
"2025-10-09","Google Ads","LocalServicesCampaign:SystemGenerated:0005d4f18c77de40","0","49","6","0"
"2025-10-10","Google Ads","LocalServicesCampaign:SystemGenerated:0005d4f18c77de40","0","43","5","0"
"2025-10-11","Google Ads","LocalServicesCampaign:SystemGenerated:0005d4f18c77de40","155.7","46","4","1"
"2025-10-12","Google Ads","LocalServicesCampaign:SystemGenerated:0005d4f18c77de40","0","51","5","0"
"2025-10-13","Google Ads","LocalServicesCampaign:SystemGenerated:0005d4f18c77de40","0","145","6","0"
"2025-10-14","Google Ads","LocalServicesCampaign:SystemGenerated:0005d4f18c77de40","0","88","1","0"
"2025-10-15","Google Ads","LocalServicesCampaign:SystemGenerated:0005d4f18c77de40","0","43","3","0"
"2025-10-16","Google Ads","LocalServicesCampaign:SystemGenerated:0005d4f18c77de40","0","66","5","0"
"2025-10-17","Google Ads","LocalServicesCampaign:SystemGenerated:0005d4f18c77de40","0","34","3","0"
"2025-10-18","Google Ads","LocalServicesCampaign:SystemGenerated:0005d4f18c77de40","135.53","36","4","1"
"2025-10-19","Google Ads","LocalServicesCampaign:SystemGenerated:0005d4f18c77de40","0","16","2","0"
"2025-10-19","Meta","Leaf Gutter 09/10/2025","118.22","3366","32","0"
"2025-10-20","Google Ads","LocalServicesCampaign:SystemGenerated:0005d4f18c77de40","154.6","32","5","1"
"2025-10-20","Meta","Leaf Gutter 09/10/2025","51.46","1170","8","0"
"2025-10-20","Meta","Leaf Gutter 20/10/2025","69.02","1534","33","2"
"2025-10-21","Google Ads","LocalServicesCampaign:SystemGenerated:0005d4f18c77de40","0","39","2","0"
"2025-10-21","Meta","Leaf Gutter 20/10/2025","93.32","2428","23","0"
"2025-10-22","Google Ads","LocalServicesCampaign:SystemGenerated:0005d4f18c77de40","0","51","3","0"
"2025-10-22","Meta","Leaf Gutter 20/10/2025","98.34","2557","38","1"
"2025-10-23","Google Ads","LocalServicesCampaign:SystemGenerated:0005d4f18c77de40","0","41","5","0"
"2025-10-23","Meta","Leaf Gutter 20/10/2025","90.52","3028","43","0"
"2025-10-24","Google Ads","LocalServicesCampaign:SystemGenerated:0005d4f18c77de40","0","29","2","0"
"2025-10-24","Meta","Leaf Gutter 09/10/2025","0","0","0","0"
"2025-10-24","Meta","Leaf Gutter 20/10/2025","111.72","3189","46","0"
"2025-10-25","Google Ads","LocalServicesCampaign:SystemGenerated:0005d4f18c77de40","0","29","0","0"
"2025-10-25","Meta","Leaf Gutter 20/10/2025","75.33","2673","40","0"
"2025-10-26","Google Ads","LocalServicesCampaign:SystemGenerated:0005d4f18c77de40","0","29","4","0"
"2025-10-26","Meta","Leaf Gutter 20/10/2025","147.87","6925","146","0"
"2025-10-27","Google Ads","LocalServicesCampaign:SystemGenerated:0005d4f18c77de40","0","57","4","0"
"2025-10-27","Meta","Leaf Gutter 20/10/2025","24.68","1129","29","1"
"2025-10-28","Google Ads","LocalServicesCampaign:SystemGenerated:0005d4f18c77de40","156.51","43","5","1"
"2025-10-28","Meta","Leaf Gutter 20/10/2025 - Copy","145.7","6186","124","1"
"2025-10-29","Google Ads","LocalServicesCampaign:SystemGenerated:0005d4f18c77de40","0","49","4","0"
"2025-10-29","Meta","Leaf Gutter 20/10/2025 - Copy","79.28","2944","57","0"
"2025-10-29","Meta","Leaf Gutter 29/10/2025","95.49","3948","68","0"
"2025-10-30","Google Ads","LocalServicesCampaign:SystemGenerated:0005d4f18c77de40","0","78","8","0"
"2025-10-30","Meta","Leaf Gutter 29/10/2025","95.3","3453","83","1"
"2025-10-31","Google Ads","LocalServicesCampaign:SystemGenerated:0005d4f18c77de40","0","62","4","0"
"2025-10-31","Meta","Leaf Gutter 29/10/2025","90.22","4437","104","1"
"2025-11-01","Google Ads","LocalServicesCampaign:SystemGenerated:0005d4f18c77de40","153.41","42","4","1"
"2025-11-01","Meta","Leaf Gutter 29/10/2025","89.44","4518","88","0"
"2025-11-02","Google Ads","LocalServicesCampaign:SystemGenerated:0005d4f18c77de40","0","25","1","0"
"2025-11-02","Meta","Leaf Gutter 29/10/2025","119.85","5935","100","1"
"2025-11-03","Google Ads","LocalServicesCampaign:SystemGenerated:0005d4f18c77de40","0","63","2","0"
"2025-11-03","Meta","Leaf Gutter 29/10/2025","102.11","5733","114","3"
"2025-11-04","Google Ads","LocalServicesCampaign:SystemGenerated:0005d4f18c77de40","0","29","4","0"
"2025-11-04","Meta","Leaf Gutter 29/10/2025","98.82","4841","78","1"
"2025-11-05","Google Ads","LocalServicesCampaign:SystemGenerated:0005d4f18c77de40","0","29","2","0"
"2025-11-05","Meta","Leaf Gutter 29/10/2025","95.31","4851","108","1"
"2025-11-06","Google Ads","LocalServicesCampaign:SystemGenerated:0005d4f18c77de40","0","44","3","0"
"2025-11-06","Meta","Leaf Gutter 29/10/2025","95.5","4473","72","0"
"2025-11-07","Google Ads","LocalServicesCampaign:SystemGenerated:0005d4f18c77de40","0","31","2","0"
"2025-11-07","Meta","Leaf Gutter 29/10/2025","121.59","5468","100","2"
"2025-11-08","Google Ads","LocalServicesCampaign:SystemGenerated:0005d4f18c77de40","0","41","3","0"
"2025-11-08","Meta","Leaf Gutter 29/10/2025","193.07","10007","184","0"
"2025-11-09","Google Ads","LocalServicesCampaign:SystemGenerated:0005d4f18c77de40","0","14","1","0"
"2025-11-09","Meta","Leaf Gutter 29/10/2025","261.74","15381","291","1"
"2025-11-10","Google Ads","LocalServicesCampaign:SystemGenerated:0005d4f18c77de40","0","39","4","0"
"2025-11-10","Meta","Leaf Gutter 29/10/2025","201.32","14581","270","2"
"2025-11-11","Google Ads","LocalServicesCampaign:SystemGenerated:0005d4f18c77de40","0","35","2","0"
"2025-11-11","Meta","Leaf Gutter 29/10/2025","189.53","13191","194","0"
"2025-11-12","Google Ads","LocalServicesCampaign:SystemGenerated:0005d4f18c77de40","0","42","1","0"
"2025-11-12","Meta","Leaf Gutter 29/10/2025","188.55","13020","200","2"
"2025-11-13","Google Ads","LocalServicesCampaign:SystemGenerated:0005d4f18c77de40","0","15","0","0"
"2025-11-13","Meta","Leaf Gutter 29/10/2025","157.61","10024","167","1"
"2025-11-13","Meta","[LG] 40/60/80 Campaign 11/13/2025","37.38","1484","35","0"
"2025-11-14","Google Ads","LocalServicesCampaign:SystemGenerated:0005d4f18c77de40","0","45","0","0"
"2025-11-14","Meta","Leaf Gutter 29/10/2025","212.48","12819","152","2"
"2025-11-14","Meta","[LG] 40/60/80 Campaign 11/13/2025","72.34","2691","48","0"
"2025-11-15","Google Ads","LocalServicesCampaign:SystemGenerated:0005d4f18c77de40","0","28","0","0"
"2025-11-15","Meta","Leaf Gutter 29/10/2025","188.55","12619","153","1"
"2025-11-15","Meta","[LG] 40/60/80 Campaign 11/13/2025","114.06","4102","59","2"
"2025-11-16","Google Ads","LocalServicesCampaign:SystemGenerated:0005d4f18c77de40","0","12","0","0"
"2025-11-16","Meta","Leaf Gutter 29/10/2025","229.69","14514","234","1"
"2025-11-16","Meta","[LG] 40/60/80 Campaign 11/13/2025","131.21","4644","72","1"
"2025-11-17","Google Ads","LocalServicesCampaign:SystemGenerated:0005d4f18c77de40","0","15","0","0"
"2025-11-17","Meta","Leaf Gutter 29/10/2025","230.72","13280","272","1"
"2025-11-17","Meta","[LG] 40/60/80 Campaign 11/13/2025","146.11","8018","138","2"
"2025-11-18","Google Ads","LocalServicesCampaign:SystemGenerated:0005d4f18c77de40","0","34","2","0"
"2025-11-18","Meta","Leaf Gutter 29/10/2025","190.74","10123","234","2"
"2025-11-18","Meta","[LG] 40/60/80 Campaign 11/13/2025","93.58","4718","91","0"
"2025-11-19","Google Ads","LocalServicesCampaign:SystemGenerated:0005d4f18c77de40","0","18","0","0"
"2025-11-19","Meta","Leaf Gutter 29/10/2025","196.01","11144","251","0"
"2025-11-19","Meta","[LG] 40/60/80 Campaign 11/13/2025","56.4","3383","57","0"
"2025-11-20","Google Ads","LocalServicesCampaign:SystemGenerated:0005d4f18c77de40","0","13","0","0"
"2025-11-20","Meta","Leaf Gutter 29/10/2025","86.63","4083","85","1"
"2025-11-20","Meta","[LG] 40/60/80 Campaign 11/13/2025","149.49","7486","104","1"
"2025-11-20","Meta","[LG] Gutter Guards 11/20/2025","94.13","4318","50","0"
"2025-11-21","Google Ads","LocalServicesCampaign:SystemGenerated:0005d4f18c77de40","0","19","0","0"
"2025-11-21","Meta","[LG] 40/60/80 Campaign 11/13/2025","263.56","11683","163","1"
"2025-11-21","Meta","[LG] Gutter Guards 11/20/2025","204.43","8557","131","1"
"2025-11-22","Google Ads","LocalServicesCampaign:SystemGenerated:0005d4f18c77de40","0","31","1","0"
"2025-11-22","Meta","[LG] 40/60/80 Campaign 11/13/2025","93.34","4676","72","0"
"2025-11-22","Meta","[LG] Gutter Guards 11/20/2025","168.62","7575","81","0"
"2025-11-23","Google Ads","LocalServicesCampaign:SystemGenerated:0005d4f18c77de40","0","20","0","0"
"2025-11-23","Meta","[LG] 40/60/80 Campaign 11/13/2025","216.07","10219","158","3"
"2025-11-23","Meta","[LG] Gutter Guards 11/20/2025","226.05","10832","167","1"
"2025-11-24","Google Ads","LocalServicesCampaign:SystemGenerated:0005d4f18c77de40","0","18","2","0"
"2025-11-24","Meta","[LG] 40/60/80 Campaign 11/13/2025","216.22","10821","141","0"
"2025-11-24","Meta","[LG] Gutter Guards 11/20/2025","221.17","9823","168","0"
"2025-11-25","Google Ads","LocalServicesCampaign:SystemGenerated:0005d4f18c77de40","139.17","15","1","1"
"2025-11-25","Meta","[LG] 40/60/80 Campaign 11/13/2025","196.98","10751","135","1"
"2025-11-25","Meta","[LG] Gutter Guards 11/20/2025","151.13","5997","110","0"
"2025-11-26","Google Ads","LocalServicesCampaign:SystemGenerated:0005d4f18c77de40","0","31","2","0"
"2025-11-26","Meta","[LG] 40/60/80 Campaign 11/13/2025","199.23","11876","128","1"
"2025-11-26","Meta","[LG] Gutter Guards 11/20/2025","106.83","4344","74","1"
"2025-11-27","Google Ads","LocalServicesCampaign:SystemGenerated:0005d4f18c77de40","0","18","0","0"
"2025-11-27","Meta","[LG] 40/60/80 Campaign 11/13/2025","192.88","11180","119","1"
"2025-11-27","Meta","[LG] Gutter Guards 11/20/2025","100.49","3788","73","1"
"2025-11-28","Google Ads","LocalServicesCampaign:SystemGenerated:0005d4f18c77de40","0","15","0","0"
"2025-11-28","Meta","[LG] 40/60/80 Campaign 11/13/2025","194.06","9313","127","0"
"2025-11-28","Meta","[LG] Gutter Guards 11/20/2025","96.74","2914","60","0"
"2025-11-29","Google Ads","LocalServicesCampaign:SystemGenerated:0005d4f18c77de40","0","22","1","0"
"2025-11-29","Meta","[LG] 40/60/80 Campaign 11/13/2025","184.56","9257","127","1"
"2025-11-29","Meta","[LG] Gutter Guards 11/20/2025","84.71","2611","68","0"
"2025-11-30","Google Ads","LocalServicesCampaign:SystemGenerated:0005d4f18c77de40","0","13","0","0"
"2025-11-30","Meta","[LG] 40/60/80 Campaign 11/13/2025","238.78","12660","167","3"
"2025-11-30","Meta","[LG] Gutter Guards 11/20/2025","75.82","2387","36","0"
"2025-12-01","Google Ads","LocalServicesCampaign:SystemGenerated:0005d4f18c77de40","149.21","22","3","1"
"2025-12-01","Meta","[LG] 40/60/80 Campaign 11/13/2025","208.49","11521","144","1"
"2025-12-02","Google Ads","LocalServicesCampaign:SystemGenerated:0005d4f18c77de40","0","28","0","0"
"2025-12-02","Meta","[LG] 40/60/80 Campaign 11/13/2025","194.48","10394","101","3"
"2025-12-03","Google Ads","LocalServicesCampaign:SystemGenerated:0005d4f18c77de40","0","20","1","0"
"2025-12-03","Meta","[LG] 40/60/80 Campaign 11/13/2025","195.49","10884","108","2"
"2025-12-04","Google Ads","LocalServicesCampaign:SystemGenerated:0005d4f18c77de40","0","28","0","0"
"2025-12-04","Meta","[LG] 40/60/80 Campaign 11/13/2025","190.1","10104","98","1"
"2025-12-05","Google Ads","LocalServicesCampaign:SystemGenerated:0005d4f18c77de40","147.04","20","2","1"
"2025-12-05","Meta","[LG] 40/60/80 Campaign 11/13/2025","176.59","8015","111","1"
"2025-12-06","Google Ads","LocalServicesCampaign:SystemGenerated:0005d4f18c77de40","0","16","1","0"
"2025-12-06","Meta","[LG] 40/60/80 Campaign 11/13/2025","194.06","8371","100","5"
"2025-12-07","Google Ads","LocalServicesCampaign:SystemGenerated:0005d4f18c77de40","0","6","0","0"
"2025-12-07","Meta","[LG] 40/60/80 Campaign 11/13/2025","227.27","10208","102","4"
"2025-12-08","Google Ads","LocalServicesCampaign:SystemGenerated:0005d4f18c77de40","0","39","1","0"
"2025-12-08","Meta","[LG] 40/60/80 Campaign 11/13/2025","216.47","11054","105","1"
"2025-12-09","Google Ads","LocalServicesCampaign:SystemGenerated:0005d4f18c77de40","0","22","1","0"
"2025-12-09","Meta","[LG] 40/60/80 Campaign 11/13/2025","228.44","12334","133","1"
"2025-12-10","Google Ads","LocalServicesCampaign:SystemGenerated:0005d4f18c77de40","0","22","2","0"
"2025-12-10","Meta","[LG] 40/60/80 Campaign 11/13/2025","248.87","10936","115","5"
"2025-12-11","Google Ads","LocalServicesCampaign:SystemGenerated:0005d4f18c77de40","0","21","1","0"
"2025-12-11","Meta","[LG] 40/60/80 Campaign 11/13/2025","248.79","10269","92","2"
"2025-12-12","Google Ads","LocalServicesCampaign:SystemGenerated:0005d4f18c77de40","0","21","3","0"
"2025-12-12","Meta","[LG] 40/60/80 Campaign 11/13/2025","239.71","10216","108","4"
"2025-12-13","Google Ads","LocalServicesCampaign:SystemGenerated:0005d4f18c77de40","0","14","3","0"
"2025-12-13","Meta","[LG] 40/60/80 Campaign 11/13/2025","224.58","8570","86","4"
"2025-12-14","Google Ads","LocalServicesCampaign:SystemGenerated:0005d4f18c77de40","0","4","0","0"
"2025-12-14","Meta","[LG] 40/60/80 Campaign 11/13/2025","282.5","11859","106","2"
"2025-12-15","Google Ads","LocalServicesCampaign:SystemGenerated:0005d4f18c77de40","0","20","2","0"
"2025-12-15","Meta","[LG] 40/60/80 Campaign 11/13/2025","260.9","10404","79","1"
"2025-12-16","Google Ads","LocalServicesCampaign:SystemGenerated:0005d4f18c77de40","0","18","2","0"
"2025-12-16","Meta","[LG] 40/60/80 Campaign 11/13/2025","249.31","10366","88","3"
"2025-12-17","Google Ads","LocalServicesCampaign:SystemGenerated:0005d4f18c77de40","0","17","0","0"
"2025-12-17","Meta","[LG] 40/60/80 Campaign 11/13/2025","249.12","7882","84","3"
"2025-12-18","Google Ads","LocalServicesCampaign:SystemGenerated:0005d4f18c77de40","0","11","1","0"
"2025-12-18","Meta","[LG] 40/60/80 Campaign 11/13/2025","234.34","6871","66","2"
"2025-12-19","Google Ads","LocalServicesCampaign:SystemGenerated:0005d4f18c77de40","0","39","3","0"
"2025-12-19","Meta","[LG] 40/60/80 Campaign 11/13/2025","235.64","7450","63","0"
"2025-12-20","Google Ads","LocalServicesCampaign:SystemGenerated:0005d4f18c77de40","220.49","27","2","2"
"2025-12-20","Meta","[LG] 40/60/80 Campaign 11/13/2025","235.98","8116","71","6"
"2025-12-21","Google Ads","LocalServicesCampaign:SystemGenerated:0005d4f18c77de40","0","9","0","0"
"2025-12-21","Meta","[LG] 40/60/80 Campaign 11/13/2025","283.89","11494","94","5"
"2025-12-22","Google Ads","LocalServicesCampaign:SystemGenerated:0005d4f18c77de40","0","27","0","0"
"2025-12-22","Meta","[LG] 40/60/80 Campaign 11/13/2025","321.94","16284","153","4"
"2025-12-23","Google Ads","LocalServicesCampaign:SystemGenerated:0005d4f18c77de40","0","22","0","0"
"2025-12-23","Meta","[LG] 40/60/80 Campaign 11/13/2025","319.65","18130","127","3"
"2025-12-24","Google Ads","LocalServicesCampaign:SystemGenerated:0005d4f18c77de40","0","5","0","0"
"2025-12-24","Meta","[LG] 40/60/80 Campaign 11/13/2025","273.57","16583","130","4"
"2025-12-25","Google Ads","LocalServicesCampaign:SystemGenerated:0005d4f18c77de40","0","3","0","0"
"2025-12-25","Meta","[LG] 40/60/80 Campaign 11/13/2025","294.47","18190","129","2"
"2025-12-26","Google Ads","LocalServicesCampaign:SystemGenerated:0005d4f18c77de40","155.01","5","1","1"
"2025-12-26","Meta","[LG] 40/60/80 Campaign 11/13/2025","277.12","16085","119","3"
"2025-12-27","Google Ads","LocalServicesCampaign:SystemGenerated:0005d4f18c77de40","0","10","0","0"
"2025-12-27","Meta","[LG] 40/60/80 Campaign 11/13/2025","264.48","14864","95","4"
"2025-12-28","Google Ads","LocalServicesCampaign:SystemGenerated:0005d4f18c77de40","0","6","0","0"
"2025-12-28","Meta","[LG] 40/60/80 Campaign 11/13/2025","332.4","18096","143","2"
"2025-12-29","Google Ads","LocalServicesCampaign:SystemGenerated:0005d4f18c77de40","0","21","0","0"
"2025-12-29","Meta","[LG] 40/60/80 Campaign 11/13/2025","306.8","16187","110","3"
"2025-12-30","Google Ads","LocalServicesCampaign:SystemGenerated:0005d4f18c77de40","0","35","6","0"
"2025-12-30","Meta","[LG] 40/60/80 Campaign 11/13/2025","293.88","16648","101","7"
"2025-12-31","Google Ads","LocalServicesCampaign:SystemGenerated:0005d4f18c77de40","0","28","2","0"
"2025-12-31","Meta","[LG] 40/60/80 Campaign 11/13/2025","289.72","14796","111","3"
"2026-01-01","Google Ads","LocalServicesCampaign:SystemGenerated:0005d4f18c77de40","0","11","1","0"
"2026-01-01","Meta","[LG] 40/60/80 Campaign 11/13/2025","291.8","22233","162","3"
"2026-01-02","Google Ads","LocalServicesCampaign:SystemGenerated:0005d4f18c77de40","0","11","0","0"
"2026-01-02","Meta","[LG] 40/60/80 Campaign 11/13/2025","296.24","21225","150","6"
"2026-01-03","Google Ads","LocalServicesCampaign:SystemGenerated:0005d4f18c77de40","0","22","1","0"
"2026-01-03","Meta","[LG] 40/60/80 Campaign 11/13/2025","288.98","19546","125","1"
"2026-01-04","Google Ads","LocalServicesCampaign:SystemGenerated:0005d4f18c77de40","0","15","1","0"
"2026-01-04","Meta","[LG] 40/60/80 Campaign 11/13/2025","332.01","21493","169","8"
"2026-01-05","Google Ads","LocalServicesCampaign:SystemGenerated:0005d4f18c77de40","0","21","2","0"
"2026-01-05","Meta","[LG] 40/60/80 Campaign 11/13/2025","313.14","23964","141","2"
"2026-01-06","Google Ads","LocalServicesCampaign:SystemGenerated:0005d4f18c77de40","0","23","3","0"
"2026-01-06","Meta","[LG] 40/60/80 Campaign 11/13/2025","299.89","18943","131","8"
"2026-01-07","Google Ads","LocalServicesCampaign:SystemGenerated:0005d4f18c77de40","0","29","1","0"
"2026-01-07","Meta","[LG] 40/60/80 Campaign 11/13/2025","307.33","17795","115","6"
"2026-01-08","Google Ads","LocalServicesCampaign:SystemGenerated:0005d4f18c77de40","0","32","1","0"
"2026-01-08","Meta","[LG] 40/60/80 Campaign 11/13/2025","304.44","19325","111","2"
"2026-01-09","Google Ads","LocalServicesCampaign:SystemGenerated:0005d4f18c77de40","0","18","2","0"
"2026-01-09","Meta","[LG] 40/60/80 Campaign 11/13/2025","268.9","15938","108","3"
"2026-01-10","Google Ads","LocalServicesCampaign:SystemGenerated:0005d4f18c77de40","0","11","1","0"
"2026-01-10","Meta","[LG] 40/60/80 Campaign 11/13/2025","271.77","14624","120","3"
"2026-01-11","Google Ads","LocalServicesCampaign:SystemGenerated:0005d4f18c77de40","0","7","0","0"
"2026-01-11","Meta","[LG] 40/60/80 Campaign 11/13/2025","331.52","16444","142","1"
"2026-01-12","Google Ads","LocalServicesCampaign:SystemGenerated:0005d4f18c77de40","0","18","1","0"
"2026-01-12","Meta","[LG] 40/60/80 Campaign 11/13/2025","313.2","14581","130","10"
"2026-01-13","Google Ads","LocalServicesCampaign:SystemGenerated:0005d4f18c77de40","0","16","0","0"
"2026-01-13","Meta","[LG] 40/60/80 Campaign 11/13/2025","296.74","13632","127","2"
"2026-01-14","Google Ads","LocalServicesCampaign:SystemGenerated:0005d4f18c77de40","0","24","1","0"
"2026-01-14","Meta","[LG] 40/60/80 Campaign 11/13/2025","292.9","13221","112","1"
"2026-01-15","Google Ads","LocalServicesCampaign:SystemGenerated:0005d4f18c77de40","0","12","0","0"
"2026-01-15","Meta","[LG] 40/60/80 Campaign 11/13/2025","288.27","13212","104","4"
"2026-01-16","Google Ads","LocalServicesCampaign:SystemGenerated:0005d4f18c77de40","0","12","0","0"
"2026-01-16","Meta","[LG] 40/60/80 Campaign 11/13/2025","287.17","11904","113","11"
"2026-01-17","Google Ads","LocalServicesCampaign:SystemGenerated:0005d4f18c77de40","0","11","0","0"
"2026-01-17","Meta","[LG] 40/60/80 Campaign 11/13/2025","289.56","13243","129","4"
"2026-01-18","Google Ads","LocalServicesCampaign:SystemGenerated:0005d4f18c77de40","0","8","0","0"
"2026-01-18","Meta","[LG] 40/60/80 Campaign 11/13/2025","338.04","16463","123","1"
"2026-01-19","Google Ads","LocalServicesCampaign:SystemGenerated:0005d4f18c77de40","0","20","0","0"
"2026-01-19","Meta","New Awareness Campaign","25.17","12441","10","0"
"2026-01-19","Meta","[LG] 40/60/80 Campaign 11/13/2025","309.66","14475","116","3"
"2026-01-20","Google Ads","LocalServicesCampaign:SystemGenerated:0005d4f18c77de40","0","14","0","0"
"2026-01-20","Meta","New Awareness Campaign","47.69","22187","33","0"
"2026-01-20","Meta","[LG] 40/60/80 Campaign 11/13/2025","253.81","11623","79","2"
"2026-01-21","Google Ads","LocalServicesCampaign:SystemGenerated:0005d4f18c77de40","0","11","0","0"
"2026-01-21","Meta","New Awareness Campaign","47.52","21669","27","0"
"2026-01-21","Meta","[LG] 40/60/80 Campaign 11/13/2025","163.15","7280","85","4"
"2026-01-22","Google Ads","LocalServicesCampaign:SystemGenerated:0005d4f18c77de40","0","13","0","0"
"2026-01-22","Meta","New Awareness Campaign","47.93","21533","30","0"
"2026-01-22","Meta","[LG] 40/60/80 Campaign 11/13/2025","132.62","6557","67","2"
"2026-01-23","Google Ads","LocalServicesCampaign:SystemGenerated:0005d4f18c77de40","0","23","0","0"
"2026-01-23","Meta","New Awareness Campaign","49.08","21685","15","0"
"2026-01-23","Meta","[LG] 40/60/80 Campaign 11/13/2025","139.97","7218","57","2"
"2026-01-24","Google Ads","LocalServicesCampaign:SystemGenerated:0005d4f18c77de40","0","15","0","0"
"2026-01-24","Meta","New Awareness Campaign","50.46","23468","19","0"
"2026-01-24","Meta","[LG] 40/60/80 Campaign 11/13/2025","125.36","6900","47","1"
"2026-01-25","Google Ads","LocalServicesCampaign:SystemGenerated:0005d4f18c77de40","0","12","0","0"
"2026-01-25","Meta","New Awareness Campaign","55.08","27228","24","0"
"2026-01-25","Meta","[LG] 40/60/80 Campaign 11/13/2025","171.66","10071","60","1"
"2026-01-26","Google Ads","LocalServicesCampaign:SystemGenerated:0005d4f18c77de40","0","12","2","0"
"2026-01-26","Meta","New Awareness Campaign","49.52","24895","31","0"
"2026-01-26","Meta","[LG] 40/60/80 Campaign 11/13/2025","151.44","9355","83","3"
"2026-01-27","Google Ads","LocalServicesCampaign:SystemGenerated:0005d4f18c77de40","0","31","2","0"
"2026-01-27","Meta","New Awareness Campaign","48.08","23221","25","0"
"2026-01-27","Meta","[LG] 40/60/80 Campaign 11/13/2025","150.97","8525","79","2"
"2026-01-28","Google Ads","LocalServicesCampaign:SystemGenerated:0005d4f18c77de40","0","24","0","0"
"2026-01-28","Meta","New Awareness Campaign","47.12","21994","16","0"
"2026-01-28","Meta","[LG] 40/60/80 Campaign 11/13/2025","148.19","7866","64","1"
"2026-01-29","Google Ads","LocalServicesCampaign:SystemGenerated:0005d4f18c77de40","0","26","2","0"
"2026-01-29","Meta","New Awareness Campaign","48.58","22948","24","0"
"2026-01-29","Meta","[LG] 40/60/80 Campaign 11/13/2025","142.1","6232","50","2"
"2026-01-30","Google Ads","LocalServicesCampaign:SystemGenerated:0005d4f18c77de40","137","36","4","1"
"2026-01-30","Meta","New Awareness Campaign","49.93","22179","17","0"
"2026-01-30","Meta","[LG] 40/60/80 Campaign 11/13/2025","141.93","6534","54","1"
"2026-01-31","Google Ads","LocalServicesCampaign:SystemGenerated:0005d4f18c77de40","0","22","0","0"
"2026-01-31","Meta","New Awareness Campaign","51.67","23864","27","0"
"2026-01-31","Meta","[LG] 40/60/80 Campaign 11/13/2025","142.21","7109","50","2"
"2026-02-01","Google Ads","LocalServicesCampaign:SystemGenerated:0005d4f18c77de40","0","17","0","0"
"2026-02-01","Meta","New Awareness Campaign","54.7","26411","40","0"
"2026-02-01","Meta","[LG] 40/60/80 Campaign 11/13/2025","172.45","7959","79","3"
"2026-02-02","Google Ads","LocalServicesCampaign:SystemGenerated:0005d4f18c77de40","0","26","3","0"
"2026-02-02","Meta","New Awareness Campaign","49.53","23449","25","0"
"2026-02-02","Meta","[LG] 40/60/80 Campaign 11/13/2025","161.4","6862","60","2"
"2026-02-03","Google Ads","LocalServicesCampaign:SystemGenerated:0005d4f18c77de40","0","21","0","0"
"2026-02-03","Meta","New Awareness Campaign","48.2","21635","25","0"
"2026-02-03","Meta","[LG] 40/60/80 Campaign 11/13/2025","147.53","6387","64","2"
"2026-02-04","Google Ads","LocalServicesCampaign:SystemGenerated:0005d4f18c77de40","156.83","36","4","1"
"2026-02-04","Meta","New Awareness Campaign","48.12","20882","17","0"
"2026-02-04","Meta","[LG] 40/60/80 Campaign 11/13/2025","136.22","5358","42","0"
"2026-02-05","Google Ads","LocalServicesCampaign:SystemGenerated:0005d4f18c77de40","0","23","0","0"
"2026-02-05","Meta","New Awareness Campaign","48.84","20078","19","0"
"2026-02-05","Meta","[LG] 40/60/80 Campaign 11/13/2025","145.11","5728","65","2"
"2026-02-06","Google Ads","LocalServicesCampaign:SystemGenerated:0005d4f18c77de40","0","49","2","0"
"2026-02-06","Meta","New Awareness Campaign","48.91","20134","25","0"
"2026-02-06","Meta","[LG] 40/60/80 Campaign 11/13/2025","146.8","6704","47","1"
"2026-02-07","Google Ads","LocalServicesCampaign:SystemGenerated:0005d4f18c77de40","137.95","62","6","1"
"2026-02-07","Meta","New Awareness Campaign","51.69","21185","25","0"
"2026-02-07","Meta","[LG] 40/60/80 Campaign 11/13/2025","139.24","5866","62","0"
"2026-02-08","Google Ads","LocalServicesCampaign:SystemGenerated:0005d4f18c77de40","0","31","4","0"
"2026-02-08","Meta","New Awareness Campaign","55.1","22399","23","0"
"2026-02-08","Meta","[LG] 40/60/80 Campaign 11/13/2025","166.44","7194","55","4"
"2026-02-09","Google Ads","LocalServicesCampaign:SystemGenerated:0005d4f18c77de40","0","44","1","0"
"2026-02-09","Meta","New Awareness Campaign","49.72","20760","24","0"
"2026-02-09","Meta","[LG] 40/60/80 Campaign 11/13/2025","160.89","6057","50","3"
"2026-02-10","Google Ads","LocalServicesCampaign:SystemGenerated:0005d4f18c77de40","0","45","2","0"
"2026-02-10","Meta","New Awareness Campaign","47.98","19488","29","0"
"2026-02-10","Meta","[LG] 40/60/80 Campaign 11/13/2025","152.35","6010","54","2"
"2026-02-11","Google Ads","LocalServicesCampaign:SystemGenerated:0005d4f18c77de40","327.45","63","3","2"
"2026-02-11","Meta","New Awareness Campaign","48.58","20026","20","0"
"2026-02-11","Meta","[LG] 40/60/80 Campaign 11/13/2025","154.66","6043","52","1"
"2026-02-12","Google Ads","LocalServicesCampaign:SystemGenerated:0005d4f18c77de40","343.35","85","3","2"
"2026-02-12","Meta","New Awareness Campaign","47.9","19314","26","0"
"2026-02-12","Meta","[LG] 40/60/80 Campaign 11/13/2025","84.26","2733","30","2"
"2026-02-12","Meta","[LG] Winter Pricing LMP Campaign 2/11/26","132.11","8055","97","0"
"2026-02-13","Google Ads","LocalServicesCampaign:SystemGenerated:0005d4f18c77de40","0","47","2","0"
"2026-02-13","Meta","New Awareness Campaign","49.09","18719","25","0"
"2026-02-13","Meta","[LG] Winter Pricing LMP Campaign 2/11/26","112.23","3726","67","0"
"2026-02-14","Google Ads","LocalServicesCampaign:SystemGenerated:0005d4f18c77de40","153.53","86","5","1"
"2026-02-14","Meta","New Awareness Campaign","51.55","19936","27","0"
"2026-02-14","Meta","[LG] Winter Pricing LMP Campaign 2/11/26","104.16","3934","56","0"
"2026-02-15","Google Ads","LocalServicesCampaign:SystemGenerated:0005d4f18c77de40","0","53","2","0"
"2026-02-15","Meta","New Awareness Campaign","53.93","21582","16","0"
"2026-02-15","Meta","[LG] Winter Pricing LMP Campaign 2/11/26","105.63","4564","55","0"
"2026-02-16","Google Ads","LocalServicesCampaign:SystemGenerated:0005d4f18c77de40","0","57","1","0"
"2026-02-16","Meta","New Awareness Campaign","50.34","20418","26","0"
"2026-02-16","Meta","[LG] Winter Pricing LMP Campaign 2/11/26","158.3","6669","146","1"
"2026-02-17","Google Ads","LocalServicesCampaign:SystemGenerated:0005d4f18c77de40","0","61","3","0"
"2026-02-17","Meta","New Awareness Campaign","48.23","19610","21","0"
"2026-02-17","Meta","[LG] Winter Pricing LMP Campaign 2/11/26","241.15","10377","131","0"
"2026-02-18","Google Ads","LocalServicesCampaign:SystemGenerated:0005d4f18c77de40","0","44","1","0"
"2026-02-18","Meta","New Awareness Campaign","48.35","19223","23","0"
"2026-02-18","Meta","[LG] Winter Pricing LMP Campaign 2/11/26","221.47","7210","100","0"
"2026-02-19","Google Ads","LocalServicesCampaign:SystemGenerated:0005d4f18c77de40","0","62","1","0"
"2026-02-19","Meta","New Awareness Campaign","48.56","19197","15","0"
"2026-02-19","Meta","[LG] Winter Pricing LMP Campaign 2/11/26","198.17","6920","139","0"
"2026-02-20","Google Ads","LocalServicesCampaign:SystemGenerated:0005d4f18c77de40","0","51","2","0"
"2026-02-20","Meta","New Awareness Campaign","49.34","19434","29","0"
"2026-02-20","Meta","[LG] Winter Pricing LMP Campaign 2/11/26","161.81","5086","67","0"
"2026-02-21","Google Ads","LocalServicesCampaign:SystemGenerated:0005d4f18c77de40","0","60","2","0"
"2026-02-21","Meta","New Awareness Campaign","51.17","20320","23","0"
"2026-02-21","Meta","[LG] Winter Pricing LMP Campaign 2/11/26","148.71","4642","75","5"
"2026-02-22","Google Ads","LocalServicesCampaign:SystemGenerated:0005d4f18c77de40","0","37","1","0"
"2026-02-22","Meta","New Awareness Campaign","54.63","22522","26","0"
"2026-02-22","Meta","[LG] Winter Pricing LMP Campaign 2/11/26","225.68","6820","76","4"
"2026-02-23","Google Ads","LocalServicesCampaign:SystemGenerated:0005d4f18c77de40","0","24","2","0"
"2026-02-23","Meta","New Awareness Campaign","50.04","20915","20","0"
"2026-02-23","Meta","[LG] Winter Pricing LMP Campaign 2/11/26","229.65","7241","104","1"
"2026-02-24","Google Ads","LocalServicesCampaign:SystemGenerated:0005d4f18c77de40","0","36","0","0"
"2026-02-24","Meta","New Awareness Campaign","10.88","4443","8","0"
"2026-02-24","Meta","[LG] Winter Pricing LMP Campaign 2/11/26","188.49","5479","74","3"
"2026-02-25","Google Ads","LocalServicesCampaign:SystemGenerated:0005d4f18c77de40","0","13","0","0"
"2026-02-25","Meta","[LG] Winter Pricing LMP Campaign 2/11/26","199.33","6294","75","1"
"2026-02-26","Google Ads","LocalServicesCampaign:SystemGenerated:0005d4f18c77de40","0","52","5","0"
"2026-02-26","Meta","[LG] Winter Pricing LMP Campaign 2/11/26","184.97","5145","77","1"
"2026-02-27","Google Ads","LocalServicesCampaign:SystemGenerated:0005d4f18c77de40","0","36","3","0"
"2026-02-27","Meta","[LG] Winter Pricing LMP Campaign 2/11/26","175.9","4876","60","3"
"2026-02-28","Google Ads","LocalServicesCampaign:SystemGenerated:0005d4f18c77de40","0","19","0","0"
"2026-02-28","Meta","[LG] Winter Pricing LMP Campaign 2/11/26","190.56","4747","92","2"
"2026-03-01","Google Ads","LocalServicesCampaign:SystemGenerated:0005d4f18c77de40","0","25","1","0"
"2026-03-01","Meta","[LG] Winter Pricing LMP Campaign 2/11/26","239.25","8294","86","5"
"2026-03-02","Google Ads","LocalServicesCampaign:SystemGenerated:0005d4f18c77de40","0","35","3","0"
"2026-03-02","Meta","[LG] Winter Pricing LMP Campaign 2/11/26","225.44","9479","90","5"
"2026-03-03","Google Ads","LocalServicesCampaign:SystemGenerated:0005d4f18c77de40","0","62","2","0"
"2026-03-03","Meta","[LG] Winter Pricing LMP Campaign 2/11/26","195.72","7527","87","1"
"2026-03-04","Google Ads","LocalServicesCampaign:SystemGenerated:0005d4f18c77de40","0","56","2","0"
"2026-03-04","Meta","[LG] Winter Pricing LMP Campaign 2/11/26","165.91","5975","69","2"
"2026-03-05","Google Ads","LocalServicesCampaign:SystemGenerated:0005d4f18c77de40","171.27","77","3","1"
"2026-03-05","Meta","[LG] Winter Pricing LMP Campaign 2/11/26","188.48","5589","59","2"
"2026-03-06","Google Ads","LocalServicesCampaign:SystemGenerated:0005d4f18c77de40","0","46","1","0"
"2026-03-06","Meta","[LG] Winter Pricing LMP Campaign 2/11/26","191.99","6430","69","7"
"2026-03-07","Google Ads","LocalServicesCampaign:SystemGenerated:0005d4f18c77de40","0","46","1","0"
"2026-03-07","Meta","[LG] Winter Pricing LMP Campaign 2/11/26","190.9","6523","61","3"
"2026-03-08","Google Ads","LocalServicesCampaign:SystemGenerated:0005d4f18c77de40","0","31","0","0"
"2026-03-08","Meta","[LG] Winter Pricing LMP Campaign 2/11/26","227.02","8422","93","3"
"2026-03-09","Google Ads","LocalServicesCampaign:SystemGenerated:0005d4f18c77de40","157.09","45","1","1"
"2026-03-09","Meta","[LG] Winter Pricing LMP Campaign 2/11/26","224.45","10024","79","4"
"2026-03-10","Google Ads","LocalServicesCampaign:SystemGenerated:0005d4f18c77de40","0","58","4","0"
"2026-03-10","Meta","[LG] Winter Pricing LMP Campaign 2/11/26","211.74","9162","65","0"
"2026-03-11","Google Ads","LocalServicesCampaign:SystemGenerated:0005d4f18c77de40","131.57","66","6","1"
"2026-03-11","Meta","[LG] Winter Pricing LMP Campaign 2/11/26","189.54","8229","57","1"
"2026-03-12","Google Ads","LocalServicesCampaign:SystemGenerated:0005d4f18c77de40","0","55","3","0"
"2026-03-12","Meta","[LG] Winter Pricing LMP Campaign 2/11/26","241.52","10413","79","5"
"2026-03-13","Google Ads","LocalServicesCampaign:SystemGenerated:0005d4f18c77de40","0","62","3","0"
"2026-03-13","Meta","[LG] Winter Pricing LMP Campaign 2/11/26","246.02","10066","90","1"
"2026-03-14","Google Ads","LocalServicesCampaign:SystemGenerated:0005d4f18c77de40","0","79","1","0"
"2026-03-14","Meta","[LG] Winter Pricing LMP Campaign 2/11/26","228.03","8639","61","0"
"2026-03-15","Google Ads","LocalServicesCampaign:SystemGenerated:0005d4f18c77de40","0","22","1","0"
"2026-03-15","Meta","[LG] Winter Pricing LMP Campaign 2/11/26","272.04","9746","72","2"
"2026-03-16","Google Ads","LocalServicesCampaign:SystemGenerated:0005d4f18c77de40","0","66","2","0"
"2026-03-16","Meta","[LG] Winter Pricing LMP Campaign 2/11/26","259.4","10940","86","3"
"2026-03-17","Google Ads","LocalServicesCampaign:SystemGenerated:0005d4f18c77de40","421.72","132","21","3"
"2026-03-17","Meta","[LG] 3/17 - WinterLMP","112.12","3101","46","1"
"2026-03-17","Meta","[LG] Winter Pricing LMP Campaign 2/11/26","230.24","9832","74","2"
"2026-03-18","Google Ads","LocalServicesCampaign:SystemGenerated:0005d4f18c77de40","154.54","69","6","1"
"2026-03-18","Meta","[LG] 3/17 - WinterLMP","173.5","4710","50","0"
"2026-03-18","Meta","[LG] Winter Pricing LMP Campaign 2/11/26","234.27","9868","65","0"
"2026-03-19","Google Ads","LocalServicesCampaign:SystemGenerated:0005d4f18c77de40","0","55","5","0"
"2026-03-19","Meta","[LG] 3/17 - WinterLMP","93.97","2474","24","0"
"2026-03-19","Meta","[LG] 3/19 - WinterLMP","83.17","2894","26","0"
"2026-03-19","Meta","[LG] Winter Pricing LMP Campaign 2/11/26","218.78","9226","87","3"
"2026-03-20","Google Ads","LocalServicesCampaign:SystemGenerated:0005d4f18c77de40","157.5","47","7","1"
"2026-03-20","Meta","[LG] 3/19 - WinterLMP","174.53","4724","45","0"
"2026-03-20","Meta","[LG] Winter Pricing LMP Campaign 2/11/26","240.07","9928","74","2"
"2026-03-21","Google Ads","LocalServicesCampaign:SystemGenerated:0005d4f18c77de40","91","46","4","1"
"2026-03-21","Meta","[LG] 3/19 - WinterLMP","151.09","4074","34","2"
"2026-03-21","Meta","[LG] Winter Pricing LMP Campaign 2/11/26","224.46","9296","64","3"
"2026-03-22","Google Ads","LocalServicesCampaign:SystemGenerated:0005d4f18c77de40","157.39","24","3","1"
"2026-03-22","Meta","[LG] 3/17 - WinterLMP","0","0","0","0"
"2026-03-22","Meta","[LG] 3/19 - WinterLMP","205.75","6109","41","0"
"2026-03-22","Meta","[LG] Winter Pricing LMP Campaign 2/11/26","279.89","11773","70","2"
"2026-03-23","Google Ads","LocalServicesCampaign:SystemGenerated:0005d4f18c77de40","0","100","9","0"
"2026-03-23","Meta","[LG] 3/19 - WinterLMP","180.08","5159","42","1"
"2026-03-23","Meta","[LG] Winter Pricing LMP Campaign 2/11/26","245.24","10617","59","0"
"2026-03-24","Google Ads","LocalServicesCampaign:SystemGenerated:0005d4f18c77de40","0","80","7","0"
"2026-03-24","Meta","[LG] 3/19 - WinterLMP","47.2","1087","12","0"
"2026-03-24","Meta","[LG] Winter Pricing LMP Campaign 2/11/26","254.45","9995","77","1"
"2026-03-25","Google Ads","LocalServicesCampaign:SystemGenerated:0005d4f18c77de40","91","27","4","1"
"2026-03-25","Meta","[LG] Winter Pricing LMP Campaign 2/11/26","233.09","7118","41","1"
"2026-03-26","Google Ads","LocalServicesCampaign:SystemGenerated:0005d4f18c77de40","0","28","0","0"
"2026-03-26","Meta","[LG] Winter Pricing LMP Campaign 2/11/26","225.31","6030","54","1"
"2026-03-27","Google Ads","LocalServicesCampaign:SystemGenerated:0005d4f18c77de40","312.26","32","8","2"
"2026-03-27","Meta","[LG] Winter Pricing LMP Campaign 2/11/26","208.16","6380","67","1"
"2026-03-28","Google Ads","LocalServicesCampaign:SystemGenerated:0005d4f18c77de40","0","14","0","0"
"2026-03-28","Meta","[LG] Winter Pricing LMP Campaign 2/11/26","232.12","8105","70","4"
"2026-03-29","Google Ads","LocalServicesCampaign:SystemGenerated:0005d4f18c77de40","0","13","0","0"
"2026-03-29","Meta","[LG] Winter Pricing LMP Campaign 2/11/26","280.76","9495","70","0"
"2026-03-30","Google Ads","LocalServicesCampaign:SystemGenerated:0005d4f18c77de40","0","7","0","0"
"2026-03-30","Meta","[LG] Winter Pricing LMP Campaign 2/11/26","238.27","8372","58","1"
"2026-03-31","Google Ads","LocalServicesCampaign:SystemGenerated:0005d4f18c77de40","0","12","0","0"
"2026-03-31","Meta","[LG] Winter Pricing LMP Campaign 2/11/26","243.64","8830","42","1"
"2026-04-01","Google Ads","LocalServicesCampaign:SystemGenerated:0005d4f18c77de40","0","142","14","0"
"2026-04-01","Meta","[LG] Winter Pricing LMP Campaign 2/11/26","243.08","8340","66","3"
"2026-04-02","Google Ads","LocalServicesCampaign:SystemGenerated:0005d4f18c77de40","0","126","11","0"
"2026-04-02","Meta","[LG] Winter Pricing LMP Campaign 2/11/26","217.77","6254","38","2"
"2026-04-03","Google Ads","LocalServicesCampaign:SystemGenerated:0005d4f18c77de40","173.53","103","11","1"
"2026-04-03","Meta","[LG] Winter Pricing LMP Campaign 2/11/26","246.56","8571","42","2"
"2026-04-04","Google Ads","LocalServicesCampaign:SystemGenerated:0005d4f18c77de40","0","77","3","0"
"2026-04-04","Meta","[LG] Winter Pricing LMP Campaign 2/11/26","205.01","6768","55","3"
"2026-04-05","Google Ads","LocalServicesCampaign:SystemGenerated:0005d4f18c77de40","0","54","4","0"
"2026-04-05","Meta","[LG] Winter Pricing LMP Campaign 2/11/26","258.08","10427","64","3"
"2026-04-06","Google Ads","LocalServicesCampaign:SystemGenerated:0005d4f18c77de40","256.39","114","11","2"
"2026-04-06","Meta","[LG] Winter Pricing LMP Campaign 2/11/26","252.57","10418","46","1"
"2026-04-07","Google Ads","LocalServicesCampaign:SystemGenerated:0005d4f18c77de40","88.99","92","6","1"
"2026-04-07","Meta","[LG] Winter Pricing LMP Campaign 2/11/26","215.66","9286","60","3"
"2026-04-08","Google Ads","LocalServicesCampaign:SystemGenerated:0005d4f18c77de40","0","108","7","0"
"2026-04-08","Meta","[LG] Winter Pricing LMP Campaign 2/11/26","250.94","10448","71","0"
"2026-04-09","Google Ads","LocalServicesCampaign:SystemGenerated:0005d4f18c77de40","154.71","114","7","1"
"2026-04-09","Meta","[LG] Winter Pricing LMP Campaign 2/11/26","227.06","8223","54","0"
"2026-04-10","Google Ads","LocalServicesCampaign:SystemGenerated:0005d4f18c77de40","140","109","9","1"
"2026-04-10","Meta","[LG] Winter Pricing LMP Campaign 2/11/26","238.1","8059","44","2"
"2026-04-11","Google Ads","LocalServicesCampaign:SystemGenerated:0005d4f18c77de40","0","121","3","0"
"2026-04-11","Meta","[LG] Winter Pricing LMP Campaign 2/11/26","237.07","7625","51","1"
"2026-04-12","Google Ads","LocalServicesCampaign:SystemGenerated:0005d4f18c77de40","0","54","2","0"
"2026-04-12","Meta","[LG] Winter Pricing LMP Campaign 2/11/26","276.14","9216","48","3"
"2026-04-13","Google Ads","LocalServicesCampaign:SystemGenerated:0005d4f18c77de40","105.16","113","16","1"
"2026-04-13","Meta","[LG] Winter Pricing LMP Campaign 2/11/26","253.26","8592","81","2"
"2026-04-14","Google Ads","LocalServicesCampaign:SystemGenerated:0005d4f18c77de40","589.29","109","21","4"
"2026-04-14","Meta","[LG] Winter Pricing LMP Campaign 2/11/26","245.54","7350","42","2"
"2026-04-15","Google Ads","LocalServicesCampaign:SystemGenerated:0005d4f18c77de40","154.52","95","15","1"
"2026-04-15","Meta","[LG] Winter Pricing LMP Campaign 2/11/26","249.98","6422","61","0"
"2026-04-16","Google Ads","LocalServicesCampaign:SystemGenerated:0005d4f18c77de40","235.12","110","13","2"
"2026-04-16","Meta","[LG] Winter Pricing LMP Campaign 2/11/26","225.05","6016","38","1"
"2026-04-17","Google Ads","LocalServicesCampaign:SystemGenerated:0005d4f18c77de40","0","106","7","0"
"2026-04-17","Meta","[LG] Winter Pricing LMP Campaign 2/11/26","227.87","5688","53","2"
"2026-04-18","Google Ads","LocalServicesCampaign:SystemGenerated:0005d4f18c77de40","0","61","3","0"
"2026-04-18","Meta","[LG] Winter Pricing LMP Campaign 2/11/26","201.83","5526","48","1"
"2026-04-19","Google Ads","LocalServicesCampaign:SystemGenerated:0005d4f18c77de40","0","51","1","0"
"2026-04-19","Meta","[LG] Winter Pricing LMP Campaign 2/11/26","287.05","6765","49","2"
"2026-04-20","Google Ads","LocalServicesCampaign:SystemGenerated:0005d4f18c77de40","0","109","9","0"
"2026-04-20","Meta","[LG] Winter Pricing LMP Campaign 2/11/26","301.36","7133","50","2"
"2026-04-21","Google Ads","LocalServicesCampaign:SystemGenerated:0005d4f18c77de40","0","79","6","0"
"2026-04-21","Meta","[LG] Winter Pricing LMP Campaign 2/11/26","225.51","5947","50","2"
"2026-04-22","Google Ads","LocalServicesCampaign:SystemGenerated:0005d4f18c77de40","0","79","7","0"
"2026-04-22","Meta","[LG] MOF: Spring LMP - (Original)","91.84","2019","21","1"
"2026-04-22","Meta","[LG] Winter Pricing LMP Campaign 2/11/26","223.23","6868","69","0"
"2026-04-23","Google Ads","LocalServicesCampaign:SystemGenerated:0005d4f18c77de40","0","81","6","0"
"2026-04-23","Meta","[LG] MOF: Spring LMP - (Original)","132.5","2082","33","3"
"2026-04-23","Meta","[LG] MOF: Spring LMP - 4/22/26","97.16","2228","27","0"
"2026-04-23","Meta","[LG] Winter Pricing LMP Campaign 2/11/26","209.82","5743","44","1"
"2026-04-24","Google Ads","LocalServicesCampaign:SystemGenerated:0005d4f18c77de40","0","80","6","0"
"2026-04-24","Meta","[LG] MOF: Spring LMP - 4/22/26","196.83","5914","60","1"
"2026-04-24","Meta","[LG] Winter Pricing LMP Campaign 2/11/26","220.22","6772","44","2"
"2026-04-25","Google Ads","LocalServicesCampaign:SystemGenerated:0005d4f18c77de40","0","69","4","0"
"2026-04-25","Meta","[LG] MOF: Spring LMP - 4/22/26","203.04","5776","54","4"
"2026-04-25","Meta","[LG] Winter Pricing LMP Campaign 2/11/26","209.29","6560","42","2"
"2026-04-26","Google Ads","LocalServicesCampaign:SystemGenerated:0005d4f18c77de40","0","49","2","0"
"2026-04-26","Meta","[LG] MOF: Spring LMP - 4/22/26","272.47","8210","83","3"
"2026-04-26","Meta","[LG] Winter Pricing LMP Campaign 2/11/26","267.12","7719","63","5"
"2026-04-27","Google Ads","LocalServicesCampaign:SystemGenerated:0005d4f18c77de40","0","112","6","0"
"2026-04-27","Meta","[LG] MOF: Spring LMP - 4/22/26","213.08","5503","56","4"
"2026-04-27","Meta","[LG] Winter Pricing LMP Campaign 2/11/26","253.39","7283","54","2"
"2026-04-28","Google Ads","LocalServicesCampaign:SystemGenerated:0005d4f18c77de40","0","74","8","0"
"2026-04-28","Meta","[LG] MOF: Spring LMP - 4/22/26","251.8","6353","61","2"
"2026-04-28","Meta","[LG] Winter Pricing LMP Campaign 2/11/26","324.99","11024","76","5"
"2026-04-29","Google Ads","LocalServicesCampaign:SystemGenerated:0005d4f18c77de40","0","80","7","0"
"2026-04-29","Meta","[LG] MOF: Spring LMP - 4/22/26","252.17","6475","78","1"
"2026-04-29","Meta","[LG] Winter Pricing LMP Campaign 2/11/26","254.24","8222","56","1"
"2026-04-30","Google Ads","LocalServicesCampaign:SystemGenerated:0005d4f18c77de40","0","80","9","0"
"2026-04-30","Meta","[LG] MOF: Spring LMP - 4/22/26","248.74","6539","67","2"
"2026-04-30","Meta","[LG] Winter Pricing LMP Campaign 2/11/26","277.56","9478","75","1"
"2026-05-01","Google Ads","LocalServicesCampaign:SystemGenerated:0005d4f18c77de40","0","64","6","0"
"2026-05-01","Meta","[LG] MOF: Spring LMP - 4/22/26","219.47","5034","53","0"
"2026-05-01","Meta","[LG] Winter Pricing LMP Campaign 2/11/26","262.78","6559","36","1"
"2026-05-02","Google Ads","LocalServicesCampaign:SystemGenerated:0005d4f18c77de40","0","52","8","0"
"2026-05-02","Meta","[LG] MOF: Spring LMP - 4/22/26","211.68","6259","51","6"
"2026-05-02","Meta","[LG] MOF: Spring LMP - 5/2/26","35.87","1600","13","2"
"2026-05-02","Meta","[LG] Winter Pricing LMP Campaign 2/11/26","235.8","7854","63","2"
"2026-05-03","Google Ads","LocalServicesCampaign:SystemGenerated:0005d4f18c77de40","0","16","0","0"
"2026-05-03","Meta","[LG] MOF: Spring LMP - 5/2/26","288.77","5900","52","2"
"2026-05-03","Meta","[LG] Winter Pricing LMP Campaign 2/11/26","308.28","9115","61","2"
"2026-05-04","Google Ads","LocalServicesCampaign:SystemGenerated:0005d4f18c77de40","0","52","2","0"
"2026-05-04","Meta","[LG] MOF: Spring LMP - 5/2/26","327.16","10953","76","1"
"2026-05-04","Meta","[LG] Winter Pricing LMP Campaign 2/11/26","418.19","11382","81","2"
"2026-05-05","Google Ads","LocalServicesCampaign:SystemGenerated:0005d4f18c77de40","0","63","2","0"
"2026-05-05","Meta","[LG] MOF: Spring LMP - 5/2/26","263.27","8720","72","4"
"2026-05-05","Meta","[LG] Winter Pricing LMP Campaign 2/11/26","297","7574","49","1"
"2026-05-06","Google Ads","LocalServicesCampaign:SystemGenerated:0005d4f18c77de40","0","43","2","0"
"2026-05-06","Meta","[LG] MOF: Spring LMP - 5/2/26","242.28","8221","39","2"
"2026-05-06","Meta","[LG] Winter Pricing LMP Campaign 2/11/26","253.74","5790","45","2"
"2026-05-07","Google Ads","LocalServicesCampaign:SystemGenerated:0005d4f18c77de40","0","41","4","0"
"2026-05-07","Meta","[LG] MOF: Spring LMP - 5/2/26","230.67","7909","49","1"
"2026-05-07","Meta","[LG] Winter Pricing LMP Campaign 2/11/26","252.11","5183","41","2"
"2026-05-08","Google Ads","LocalServicesCampaign:SystemGenerated:0005d4f18c77de40","0","27","1","0"
"2026-05-08","Meta","[LG] MOF: Spring LMP - 5/2/26","231.99","7766","59","1"
"2026-05-08","Meta","[LG] Winter Pricing LMP Campaign 2/11/26","227.35","4177","34","0"
"2026-05-09","Google Ads","LocalServicesCampaign:SystemGenerated:0005d4f18c77de40","0","37","3","0"
"2026-05-09","Meta","[LG] MOF: Spring LMP - 5/2/26","293.18","10688","63","2"
"2026-05-09","Meta","[LG] Winter Pricing LMP Campaign 2/11/26","201.38","4915","26","2"
"2026-05-10","Google Ads","LocalServicesCampaign:SystemGenerated:0005d4f18c77de40","0","13","3","0"
"2026-05-10","Meta","[LG] MOF: Spring LMP - 5/2/26","342.62","13755","88","3"
"2026-05-10","Meta","[LG] Winter Pricing LMP Campaign 2/11/26","287.53","6765","52","1"
"2026-05-11","Google Ads","LocalServicesCampaign:SystemGenerated:0005d4f18c77de40","91","36","3","1"
"2026-05-11","Meta","[LG] MOF: Spring LMP - 5/2/26","341.94","11021","71","1"
"2026-05-11","Meta","[LG] Winter Pricing LMP Campaign 2/11/26","94.83","1454","11","0"
"2026-05-12","Google Ads","LocalServicesCampaign:SystemGenerated:0005d4f18c77de40","0","32","3","0"
"2026-05-12","Meta","[LG] MOF: Spring LMP - 5/2/26","370.2","11531","64","8"
"2026-05-13","Google Ads","LocalServicesCampaign:SystemGenerated:0005d4f18c77de40","0","40","3","0"
"2026-05-13","Meta","[LG] MOF: Spring LMP - 5/2/26","313.97","10309","48","1"
"2026-05-14","Google Ads","LocalServicesCampaign:SystemGenerated:0005d4f18c77de40","0","32","0","0"
"2026-05-14","Meta","[LG] MOF: Spring LMP - 5/2/26","384.34","11175","72","2"
"2026-05-15","Google Ads","LocalServicesCampaign:SystemGenerated:0005d4f18c77de40","0","31","1","0"
"2026-05-15","Meta","[LG] MOF: Spring LMP - 5/2/26","312.76","7721","51","2"
"2026-05-16","Google Ads","LocalServicesCampaign:SystemGenerated:0005d4f18c77de40","0","20","4","0"
"2026-05-16","Meta","[LG] MOF: Spring LMP - 5/2/26","328.68","8016","59","5"
"2026-05-17","Google Ads","LocalServicesCampaign:SystemGenerated:0005d4f18c77de40","0","16","0","0"
"2026-05-17","Meta","[LG] MOF: Spring LMP - 5/2/26","448.66","11044","70","2"
"2026-05-18","Google Ads","LocalServicesCampaign:SystemGenerated:0005d4f18c77de40","0","28","3","0"
"2026-05-18","Meta","[LG] MOF: Spring LMP - 5/2/26","442.92","11203","62","1"
"2026-05-19","Google Ads","LocalServicesCampaign:SystemGenerated:0005d4f18c77de40","0","52","3","0"
"2026-05-19","Meta","[LG] MOF: Spring LMP - 5/2/26","341.16","9039","63","3"
"2026-05-20","Google Ads","LocalServicesCampaign:SystemGenerated:0005d4f18c77de40","0","41","5","0"
"2026-05-20","Meta","[LG] MOF: Spring LMP - 5/2/26","320.15","8109","68","8"
"2026-05-21","Google Ads","LocalServicesCampaign:SystemGenerated:0005d4f18c77de40","0","26","2","0"
"2026-05-21","Meta","[LG] MOF: Spring LMP - 5/2/26","292.73","7214","56","2"
"2026-05-22","Google Ads","LocalServicesCampaign:SystemGenerated:0005d4f18c77de40","0","36","3","0"
"2026-05-22","Meta","[LG] MOF: Spring LMP - 5/2/26","300.61","6280","59","1"
"2026-05-23","Google Ads","LocalServicesCampaign:SystemGenerated:0005d4f18c77de40","0","36","2","0"
"2026-05-23","Meta","[LG] MOF: Spring LMP - 5/2/26","303.57","5991","51","3"
"2026-05-24","Google Ads","LocalServicesCampaign:SystemGenerated:0005d4f18c77de40","0","30","1","0"
"2026-05-24","Meta","[LG] MOF: Spring LMP - 5/2/26","471.76","9759","104","8"
"2026-05-25","Google Ads","LocalServicesCampaign:SystemGenerated:0005d4f18c77de40","0","112","3","0"
"2026-05-25","Meta","[LG] MOF: Spring LMP - 5/2/26","390.25","8541","78","1"
"2026-05-26","Google Ads","LocalServicesCampaign:SystemGenerated:0005d4f18c77de40","0","43","4","0"
"2026-05-26","Meta","[LG] MOF: Spring LMP - 5/2/26","330.85","7390","69","1"
"2026-05-27","Google Ads","LocalServicesCampaign:SystemGenerated:0005d4f18c77de40","146.28","39","2","1"
"2026-05-27","Meta","[LG] MOF: Spring LMP - 5/2/26","333.67","6203","59","3"
"2026-05-28","Google Ads","LocalServicesCampaign:SystemGenerated:0005d4f18c77de40","171.1","60","6","1"
"2026-05-28","Meta","[LG] MOF: NaturalCedar","81.43","2149","33","0"
"2026-05-28","Meta","[LG] MOF: Spring LMP - 5/2/26","325.03","7945","75","2"
"2026-05-28","Meta","[LG] MOF: SyntheticCedar","56.77","1528","20","0"
"2026-05-29","Google Ads","LocalServicesCampaign:SystemGenerated:0005d4f18c77de40","0","41","4","0"
"2026-05-29","Meta","[LG] MOF: NaturalCedar","223.04","5065","52","0"
"2026-05-29","Meta","[LG] MOF: Spring LMP - 5/2/26","336.96","6865","72","2"
"2026-05-29","Meta","[LG] MOF: SyntheticCedar","163.91","3309","49","0"
"2026-05-30","Google Ads","LocalServicesCampaign:SystemGenerated:0005d4f18c77de40","0","24","1","0"
"2026-05-30","Meta","[LG] MOF: NaturalCedar","161.96","3547","39","0"
"2026-05-30","Meta","[LG] MOF: Spring LMP - 5/2/26","261.4","5502","52","1"
"2026-05-30","Meta","[LG] MOF: SyntheticCedar","118.83","2340","45","1"
"2026-05-31","Google Ads","LocalServicesCampaign:SystemGenerated:0005d4f18c77de40","0","15","1","0"
"2026-05-31","Meta","[LG] MOF: NaturalCedar","168.82","3420","33","0"
"2026-05-31","Meta","[LG] MOF: Spring LMP - 5/2/26","394.75","7878","66","3"
"2026-05-31","Meta","[LG] MOF: SyntheticCedar","179.04","3418","49","0"
"2026-06-01","Google Ads","LocalServicesCampaign:SystemGenerated:0005d4f18c77de40","0","32","7","0"
"2026-06-01","Meta","[LG] MOF: NaturalCedar","152.99","3057","42","0"
"2026-06-01","Meta","[LG] MOF: Spring LMP - 5/2/26","336.43","7492","62","3"
"2026-06-01","Meta","[LG] MOF: SyntheticCedar","162.1","3736","48","0"
"2026-06-02","Google Ads","LocalServicesCampaign:SystemGenerated:0005d4f18c77de40","0","20","1","0"
"2026-06-02","Meta","[LG] MOF: NaturalCedar","158.4","3559","41","0"
"2026-06-02","Meta","[LG] MOF: Spring LMP - 5/2/26","338.28","7345","64","2"
"2026-06-02","Meta","[LG] MOF: SyntheticCedar","152.75","3535","51","0"
"2026-06-03","Google Ads","LocalServicesCampaign:SystemGenerated:0005d4f18c77de40","0","23","3","0"
"2026-06-03","Meta","[LG] MOF: NaturalCedar","157.1","3652","32","1"
"2026-06-03","Meta","[LG] MOF: Spring LMP - 5/2/26","355.11","7485","60","3"
"2026-06-03","Meta","[LG] MOF: SyntheticCedar","148.37","3419","49","1"
"2026-06-04","Google Ads","LocalServicesCampaign:SystemGenerated:0005d4f18c77de40","0","23","1","0"
"2026-06-04","Meta","[LG] MOF: NaturalCedar","173.42","4177","41","1"
"2026-06-04","Meta","[LG] MOF: Spring LMP - 5/2/26","408.14","9898","77","3"
"2026-06-04","Meta","[LG] MOF: SyntheticCedar","152.39","3378","38","1"
"2026-06-05","Google Ads","LocalServicesCampaign:SystemGenerated:0005d4f18c77de40","0","21","3","0"
"2026-06-05","Meta","[LG] MOF: NaturalCedar","140","3176","27","0"
"2026-06-05","Meta","[LG] MOF: Spring LMP - 5/2/26","331.93","7039","64","2"
"2026-06-05","Meta","[LG] MOF: SyntheticCedar","150.84","2938","40","0"
"2026-06-06","Google Ads","LocalServicesCampaign:SystemGenerated:0005d4f18c77de40","0","22","1","0"
"2026-06-06","Meta","[LG] MOF: NaturalCedar","97.62","2643","30","0"
"2026-06-06","Meta","[LG] MOF: Spring LMP - 5/2/26","285.36","7000","69","1"
"2026-06-06","Meta","[LG] MOF: SyntheticCedar","104.26","2186","32","0"
"2026-06-07","Google Ads","LocalServicesCampaign:SystemGenerated:0005d4f18c77de40","0","15","1","0"
"2026-06-07","Meta","[LG] MOF: NaturalCedar","174.16","3633","36","0"
"2026-06-07","Meta","[LG] MOF: Spring LMP - 5/2/26","435.92","10014","87","0"
"2026-06-07","Meta","[LG] MOF: SyntheticCedar","180.48","3030","32","0"
"2026-06-08","Google Ads","LocalServicesCampaign:SystemGenerated:0005d4f18c77de40","0","21","0","0"
"2026-06-08","Meta","[LG] MOF: NaturalCedar","169.53","3346","37","0"
"2026-06-08","Meta","[LG] MOF: Spring LMP - 5/2/26","421.03","9010","80","2"
"2026-06-08","Meta","[LG] MOF: SyntheticCedar","169.75","3091","33","0"
"2026-06-09","Google Ads","LocalServicesCampaign:SystemGenerated:0005d4f18c77de40","0","15","1","0"
"2026-06-09","Meta","[LG] MOF: NaturalCedar","153.52","3373","31","0"
"2026-06-09","Meta","[LG] MOF: Spring LMP - 5/2/26","343.49","7784","75","3"
"2026-06-09","Meta","[LG] MOF: SyntheticCedar","148.82","2845","41","0"
"2026-06-10","Google Ads","LocalServicesCampaign:SystemGenerated:0005d4f18c77de40","99.2","23","6","1"
"2026-06-10","Meta","[LG] MOF: NaturalCedar","145.66","3786","23","0"
"2026-06-10","Meta","[LG] MOF: Spring LMP - 5/2/26","360.35","7876","88","5"
"2026-06-10","Meta","[LG] MOF: SyntheticCedar","135.06","2641","29","0"
"2026-06-11","Google Ads","LocalServicesCampaign:SystemGenerated:0005d4f18c77de40","0","14","1","0"
"2026-06-11","Meta","[LG] MOF: NaturalCedar","132.21","3120","36","0"
"2026-06-11","Meta","[LG] MOF: Spring LMP - 5/2/26","309.88","5707","51","2"
"2026-06-11","Meta","[LG] MOF: SyntheticCedar","138.33","2970","33","0"
"2026-06-12","Google Ads","LocalServicesCampaign:SystemGenerated:0005d4f18c77de40","0","22","0","0"
"2026-06-12","Meta","[LG] MOF: NaturalCedar","147.29","3141","29","0"
"2026-06-12","Meta","[LG] MOF: Spring LMP - 5/2/26","296.07","5904","48","1"
"2026-06-12","Meta","[LG] MOF: SyntheticCedar","142.04","2789","42","1"
"2026-06-13","Google Ads","LocalServicesCampaign:SystemGenerated:0005d4f18c77de40","95.79","25","3","1"
"2026-06-13","Meta","[LG] MOF: NaturalCedar","126.6","2466","36","0"
"2026-06-13","Meta","[LG] MOF: Spring LMP - 5/2/26","283.26","5734","55","4"
"2026-06-13","Meta","[LG] MOF: SyntheticCedar","135.04","2613","38","1"
"2026-06-14","Google Ads","LocalServicesCampaign:SystemGenerated:0005d4f18c77de40","0","16","0","0"
"2026-06-14","Meta","[LG] MOF: NaturalCedar","178.66","3308","40","0"
"2026-06-14","Meta","[LG] MOF: Spring LMP - 5/2/26","441.37","9668","93","2"
"2026-06-14","Meta","[LG] MOF: SyntheticCedar","174.29","2920","45","0"
"2026-06-15","Google Ads","LocalServicesCampaign:SystemGenerated:0005d4f18c77de40","0","34","3","0"
"2026-06-15","Meta","[LG] MOF: NaturalCedar","174.86","3537","35","0"
"2026-06-15","Meta","[LG] MOF: Spring LMP - 5/2/26","407.25","9379","78","1"
"2026-06-15","Meta","[LG] MOF: SyntheticCedar","147.94","2567","22","1"
"2026-06-16","Google Ads","LocalServicesCampaign:SystemGenerated:0005d4f18c77de40","97.29","30","2","1"
"2026-06-16","Meta","[LG] MOF: NaturalCedar","150.05","3125","31","0"
"2026-06-16","Meta","[LG] MOF: Spring LMP - 5/2/26","339.19","7805","80","2"
"2026-06-16","Meta","[LG] MOF: SyntheticCedar","149.07","2966","38","0"
"2026-06-17","Google Ads","LocalServicesCampaign:SystemGenerated:0005d4f18c77de40","0","27","3","0"
"2026-06-17","Meta","[LG] MOF: NaturalCedar","136.08","2763","24","0"
"2026-06-17","Meta","[LG] MOF: Spring LMP - 5/2/26","319.36","6283","59","2"
"2026-06-17","Meta","[LG] MOF: SyntheticCedar","139.15","2747","27","0"
"2026-06-18","Google Ads","LocalServicesCampaign:SystemGenerated:0005d4f18c77de40","0","21","4","0"
"2026-06-18","Meta","[LG] MOF: NaturalCedar","133.12","2937","34","1"
"2026-06-18","Meta","[LG] MOF: Spring LMP - 5/2/26","335.22","5808","43","0"
"2026-06-18","Meta","[LG] MOF: SyntheticCedar","151.89","2940","43","0"
"2026-06-19","Google Ads","LocalServicesCampaign:SystemGenerated:0005d4f18c77de40","0","12","1","0"
"2026-06-19","Meta","[LG] MOF: NaturalCedar","147.19","3089","34","0"
"2026-06-19","Meta","[LG] MOF: Spring LMP - 5/2/26","308.2","6254","45","0"
"2026-06-19","Meta","[LG] MOF: SyntheticCedar","148.98","2939","27","0"
"2026-06-20","Google Ads","LocalServicesCampaign:SystemGenerated:0005d4f18c77de40","0","14","0","0"
"2026-06-20","Meta","[LG] MOF: NaturalCedar","129.63","2727","30","0"
"2026-06-20","Meta","[LG] MOF: Spring LMP - 5/2/26","299.34","5724","50","1"
"2026-06-20","Meta","[LG] MOF: SyntheticCedar","138.03","2477","18","0"
"2026-06-21","Google Ads","LocalServicesCampaign:SystemGenerated:0005d4f18c77de40","0","6","0","0"
"2026-06-21","Meta","[LG] MOF: NaturalCedar","177.24","3506","35","0"
"2026-06-21","Meta","[LG] MOF: Spring LMP - 5/2/26","408.69","7779","59","0"
"2026-06-21","Meta","[LG] MOF: SyntheticCedar","170.67","2901","37","0"
"2026-06-22","Google Ads","LocalServicesCampaign:SystemGenerated:0005d4f18c77de40","106.76","27","5","1"
"2026-06-22","Meta","[LG] MOF: NaturalCedar","176.17","3385","44","0"
"2026-06-22","Meta","[LG] MOF: Spring LMP - 5/2/26","389.04","7365","55","4"
"2026-06-22","Meta","[LG] MOF: SyntheticCedar","152.22","2997","32","0"
"2026-06-23","Google Ads","LocalServicesCampaign:SystemGenerated:0005d4f18c77de40","0","39","4","0"
"2026-06-23","Meta","[LG] MOF: NaturalCedar","153.92","2647","25","0"
"2026-06-23","Meta","[LG] MOF: Spring LMP - 5/2/26","373.19","6380","52","2"
"2026-06-23","Meta","[LG] MOF: SyntheticCedar","162.05","2580","32","0"
"2026-06-24","Google Ads","LocalServicesCampaign:SystemGenerated:0005d4f18c77de40","95.38","35","2","1"
"2026-06-24","Meta","[LG] MOF: NaturalCedar","141.96","2719","28","0"
"2026-06-24","Meta","[LG] MOF: Spring LMP - 5/2/26","308.24","5413","40","2"
"2026-06-24","Meta","[LG] MOF: SyntheticCedar","151.8","2936","28","0"
"2026-06-25","Google Ads","LocalServicesCampaign:SystemGenerated:0005d4f18c77de40","95.42","35","4","1"
"2026-06-25","Meta","[LG] MOF: NaturalCedar","146.19","2988","23","0"
"2026-06-25","Meta","[LG] MOF: Spring LMP - 5/2/26","367.73","6971","57","1"
"2026-06-25","Meta","[LG] MOF: SyntheticCedar","154.43","2791","35","2"
"2026-06-26","Google Ads","LocalServicesCampaign:SystemGenerated:0005d4f18c77de40","0","20","2","0"
"2026-06-26","Meta","[LG] MOF: NaturalCedar","130.34","2374","18","0"
"2026-06-26","Meta","[LG] MOF: Spring LMP - 5/2/26","325.63","5214","47","1"
"2026-06-26","Meta","[LG] MOF: SyntheticCedar","136.38","2399","28","1"
"2026-06-27","Google Ads","LocalServicesCampaign:SystemGenerated:0005d4f18c77de40","94.39","18","2","1"
"2026-06-27","Meta","[LG] MOF: NaturalCedar","118.3","2203","22","0"
"2026-06-27","Meta","[LG] MOF: Spring LMP - 5/2/26","277.48","5085","33","0"
"2026-06-27","Meta","[LG] MOF: SyntheticCedar","121.48","2078","26","1"
"2026-06-28","Google Ads","LocalServicesCampaign:SystemGenerated:0005d4f18c77de40","88.56","21","4","1"
"2026-06-28","Meta","[LG] MOF: NaturalCedar","185.05","3058","32","1"
"2026-06-28","Meta","[LG] MOF: Spring LMP - 5/2/26","448.45","7655","80","2"
"2026-06-28","Meta","[LG] MOF: SyntheticCedar","180.99","3067","40","0"
"2026-06-29","Google Ads","LocalServicesCampaign:SystemGenerated:0005d4f18c77de40","151.83","31","1","1"
"2026-06-29","Meta","[LG] MOF: NaturalCedar","170.78","2849","26","0"
"2026-06-29","Meta","[LG] MOF: Spring LMP - 5/2/26","351.15","7026","67","3"
"2026-06-29","Meta","[LG] MOF: SyntheticCedar","154.75","2828","23","0"
"2026-06-30","Google Ads","LocalServicesCampaign:SystemGenerated:0005d4f18c77de40","92.74","19","2","1"
"2026-06-30","Meta","[LG] MOF: NaturalCedar","161.85","2738","22","0"
"2026-06-30","Meta","[LG] MOF: Spring LMP - 5/2/26","378.69","7192","63","2"
"2026-06-30","Meta","[LG] MOF: SyntheticCedar","153.32","2693","37","2"
"2026-07-01","Google Ads","LocalServicesCampaign:SystemGenerated:0005d4f18c77de40","0","24","1","0"
"2026-07-01","Meta","[LG] MOF: NaturalCedar","147.99","2790","21","0"
"2026-07-01","Meta","[LG] MOF: Spring LMP - 5/2/26","462.08","8740","85","4"
"2026-07-01","Meta","[LG] MOF: SyntheticCedar","152.3","2913","23","0"
"2026-07-02","Google Ads","LocalServicesCampaign:SystemGenerated:0005d4f18c77de40","139.75","32","7","1"
"2026-07-02","Meta","[LG] MOF: NaturalCedar","147.62","2541","31","0"
"2026-07-02","Meta","[LG] MOF: Spring LMP - 5/2/26","407.09","7253","69","1"
"2026-07-02","Meta","[LG] MOF: SyntheticCedar","152.78","2542","24","0"
"2026-07-03","Google Ads","LocalServicesCampaign:SystemGenerated:0005d4f18c77de40","0","37","4","0"
"2026-07-03","Meta","[LG] MOF: NaturalCedar","134.43","1952","18","0"
"2026-07-03","Meta","[LG] MOF: Spring LMP - 5/2/26","383.67","6413","62","0"
"2026-07-03","Meta","[LG] MOF: SyntheticCedar","135.08","2255","28","0"
"2026-07-04","Google Ads","LocalServicesCampaign:SystemGenerated:0005d4f18c77de40","0","9","0","0"
"2026-07-04","Meta","[LG] MOF: NaturalCedar","101.76","1906","16","0"
"2026-07-04","Meta","[LG] MOF: Spring LMP - 5/2/26","374.95","6472","78","1"
"2026-07-04","Meta","[LG] MOF: SyntheticCedar","119.91","2084","23","0"
"2026-07-05","Google Ads","LocalServicesCampaign:SystemGenerated:0005d4f18c77de40","155.57","33","2","1"
"2026-07-05","Meta","[LG] MOF: NaturalCedar","172.89","3076","25","0"
"2026-07-05","Meta","[LG] MOF: Spring LMP - 5/2/26","500.33","9588","89","4"
"2026-07-05","Meta","[LG] MOF: SyntheticCedar","170.1","2952","16","0"
"2026-07-06","Google Ads","LocalServicesCampaign:SystemGenerated:0005d4f18c77de40","157.11","70","6","2"
"2026-07-06","Meta","[LG] MOF: NaturalCedar","167.88","2823","35","1"
"2026-07-06","Meta","[LG] MOF: Spring LMP - 5/2/26","513.82","7246","96","6"
"2026-07-06","Meta","[LG] MOF: SyntheticCedar","161.38","2648","36","0"
"2026-07-07","Google Ads","LocalServicesCampaign:SystemGenerated:0005d4f18c77de40","96.37","52","8","1"
"2026-07-07","Meta","[LG] MOF: NaturalCedar","186.07","2837","19","0"
"2026-07-07","Meta","[LG] MOF: Spring LMP - 5/2/26","439.46","6495","74","7"
"2026-07-07","Meta","[LG] MOF: SyntheticCedar","159.68","2789","28","0"
"2026-07-08","Google Ads","LocalServicesCampaign:SystemGenerated:0005d4f18c77de40","91","37","3","1"
"2026-07-08","Meta","[LG] MOF: NaturalCedar","146.63","2564","30","0"
"2026-07-08","Meta","[LG] MOF: Spring LMP - 5/2/26","415.79","6676","83","2"
"2026-07-08","Meta","[LG] MOF: SyntheticCedar","163.01","3335","31","0"
"2026-07-09","Google Ads","LocalServicesCampaign:SystemGenerated:0005d4f18c77de40","0","23","0","0"
"2026-07-09","Meta","[LG] MOF: NaturalCedar","143.22","2378","40","0"
"2026-07-09","Meta","[LG] MOF: Spring LMP - 5/2/26","363.46","5504","69","1"
"2026-07-09","Meta","[LG] MOF: SyntheticCedar","138.13","2679","28","1"
"2026-07-10","Google Ads","LocalServicesCampaign:SystemGenerated:0005d4f18c77de40","91","29","1","1"
"2026-07-10","Meta","[LG] MOF: NaturalCedar","120.84","2339","32","0"
"2026-07-10","Meta","[LG] MOF: Spring LMP - 5/2/26","345.55","5590","61","0"
"2026-07-10","Meta","[LG] MOF: SyntheticCedar","129.96","2268","27","0"
"2026-07-11","Google Ads","LocalServicesCampaign:SystemGenerated:0005d4f18c77de40","0","25","0","0"
"2026-07-11","Meta","[LG] MOF: NaturalCedar","112.14","1990","13","0"
"2026-07-11","Meta","[LG] MOF: Spring LMP - 5/2/26","361.56","5583","49","2"
"2026-07-11","Meta","[LG] MOF: SyntheticCedar","126.99","2387","26","0"
"2026-07-12","Google Ads","LocalServicesCampaign:SystemGenerated:0005d4f18c77de40","0","16","0","0"
"2026-07-12","Meta","[LG] MOF: NaturalCedar","174.74","2459","22","0"
"2026-07-12","Meta","[LG] MOF: Spring LMP - 5/2/26","493.21","7813","73","1"
"2026-07-12","Meta","[LG] MOF: SyntheticCedar","177.18","2726","37","0"
"2026-07-13","Google Ads","LocalServicesCampaign:SystemGenerated:0005d4f18c77de40","0","28","3","0"
"2026-07-13","Meta","[LG] MOF: NaturalCedar","177.76","2439","21","0"
"2026-07-13","Meta","[LG] MOF: Spring LMP - 5/2/26","446.07","5886","67","1"
"2026-07-13","Meta","[LG] MOF: SyntheticCedar","168.16","2946","32","0"
"2026-07-14","Google Ads","LocalServicesCampaign:SystemGenerated:0005d4f18c77de40","0","54","3","0"
"2026-07-14","Meta","[LG] MOF: NaturalCedar","146.9","2659","30","0"
"2026-07-14","Meta","[LG] MOF: Spring LMP - 5/2/26","428.38","5792","57","4"
"2026-07-14","Meta","[LG] MOF: SyntheticCedar","147.62","2703","29","0"
"2026-07-15","Google Ads","LocalServicesCampaign:SystemGenerated:0005d4f18c77de40","0","50","3","0"
"2026-07-15","Meta","[LG] MOF: NaturalCedar","149.26","2373","29","0"
"2026-07-15","Meta","[LG] MOF: Spring LMP - 5/2/26","409.34","6091","53","2"
"2026-07-15","Meta","[LG] MOF: SyntheticCedar","150.37","2862","24","0"
"2026-07-16","Google Ads","LocalServicesCampaign:SystemGenerated:0005d4f18c77de40","0","15","0","0"
"2026-07-16","Meta","[LG] MOF: NaturalCedar","143.35","2482","23","0"
"2026-07-16","Meta","[LG] MOF: Spring LMP - 5/2/26","416.62","7259","81","2"
"2026-07-16","Meta","[LG] MOF: SyntheticCedar","147.07","2917","32","0"
"2026-07-17","Meta","[LG] MOF: NaturalCedar","149.97","2551","26","1"
"2026-07-17","Meta","[LG] MOF: Spring LMP - 5/2/26","391.12","7240","57","1"
"2026-07-17","Meta","[LG] MOF: SyntheticCedar","142.98","2782","33","0"
"2026-07-18","Meta","[LG] MOF: NaturalCedar","107.1","1979","23","0"
"2026-07-18","Meta","[LG] MOF: Spring LMP - 5/2/26","355.02","5081","68","5"
"2026-07-18","Meta","[LG] MOF: SyntheticCedar","115.96","2148","25","1"
"2026-07-19","Meta","[LG] MOF: NaturalCedar","165.89","2598","26","0"
"2026-07-19","Meta","[LG] MOF: Spring LMP - 5/2/26","479.04","7623","81","3"
"2026-07-19","Meta","[LG] MOF: SyntheticCedar","168.09","2676","20","0"
"2026-07-20","Meta","[LG] MOF: NaturalCedar","153.69","2963","23","0"
"2026-07-20","Meta","[LG] MOF: Spring LMP - 5/2/26","526.6","9290","113","6"
"2026-07-20","Meta","[LG] MOF: SyntheticCedar","165.21","2793","32","1"
"2026-07-21","Meta","[LG] MOF: NaturalCedar","160.09","3074","38","1"
"2026-07-21","Meta","[LG] MOF: Spring LMP - 5/2/26","564.61","8719","100","10"
"2026-07-21","Meta","[LG] MOF: SyntheticCedar","156.91","2735","31","2"
"2026-07-22","Meta","[LG] MOF: NaturalCedar","159.51","2640","14","0"
"2026-07-22","Meta","[LG] MOF: Spring LMP - 5/2/26","459.05","7462","92","7"
"2026-07-22","Meta","[LG] MOF: SyntheticCedar","141.87","2590","40","0"
"2026-07-23","Meta","[LG] MOF: NaturalCedar","147.61","2824","26","1"
"2026-07-23","Meta","[LG] MOF: Spring LMP - 5/2/26","457.6","7540","86","1"
"2026-07-23","Meta","[LG] MOF: SyntheticCedar","143.25","2774","28","0"
"2026-07-24","Meta","[LG] MOF: NaturalCedar","144.28","2578","26","0"
"2026-07-24","Meta","[LG] MOF: Spring LMP - 5/2/26","490.7","7586","60","1"
"2026-07-24","Meta","[LG] MOF: SyntheticCedar","151.2","2725","27","0"
"2026-07-25","Meta","[LG] MOF: NaturalCedar","118.87","2426","26","0"
"2026-07-25","Meta","[LG] MOF: Spring LMP - 5/2/26","432.72","6991","82","3"
"2026-07-25","Meta","[LG] MOF: SyntheticCedar","123.47","2384","23","0"
"2026-07-26","Meta","[LG] MOF: NaturalCedar","179.61","2875","45","0"
"2026-07-26","Meta","[LG] MOF: Spring LMP - 5/2/26","560.61","10432","101","1"
"2026-07-26","Meta","[LG] MOF: SyntheticCedar","175.36","2718","32","1"
"2026-07-27","Meta","[LG] MOF: NaturalCedar","148.51","2404","22","0"
"2026-07-27","Meta","[LG] MOF: Spring LMP - 5/2/26","520.7","9135","83","3"
"2026-07-27","Meta","[LG] MOF: SyntheticCedar","145.72","2259","29","1"
"2026-07-28","Google Ads","LocalServicesCampaign:SystemGenerated:0005d4f18c77de40","0","6","0","0"
"2026-07-28","Meta","[LG] MOF: NaturalCedar","154.27","2445","28","0"
"2026-07-28","Meta","[LG] MOF: Spring LMP - 5/2/26","528.19","7878","82","3"
"2026-07-28","Meta","[LG] MOF: SyntheticCedar","159.47","2636","38","0"
"2026-07-29","Google Ads","LocalServicesCampaign:SystemGenerated:0005d4f18c77de40","0","52","4","0"
"2026-07-29","Meta","[LG] MOF: NaturalCedar","138.42","1774","14","0"
"2026-07-29","Meta","[LG] MOF: Spring LMP - 5/2/26","409.01","6273","76","3"
"2026-07-29","Meta","[LG] MOF: SyntheticCedar","121.62","1891","22","0"
"2026-07-30","Google Ads","LocalServicesCampaign:SystemGenerated:0005d4f18c77de40","155.78","49","3","1"
"2026-07-30","Meta","[LG] MOF: NaturalCedar","147.28","2024","25","0"
"2026-07-30","Meta","[LG] MOF: Spring LMP - 5/2/26","501.64","7774","57","1"
"2026-07-30","Meta","[LG] MOF: SyntheticCedar","143.3","2325","37","0"
"2026-07-31","Google Ads","LocalServicesCampaign:SystemGenerated:0005d4f18c77de40","0","15","1","0"
"2026-07-31","Meta","[LG] MOF: NaturalCedar","141.92","2375","34","0"
"2026-07-31","Meta","[LG] MOF: Spring LMP - 5/2/26","494.85","9127","93","2"
"2026-07-31","Meta","[LG] MOF: SyntheticCedar","166.44","2731","36","1"
"2026-08-01","Google Ads","LocalServicesCampaign:SystemGenerated:0005d4f18c77de40","0","27","2","0"
"2026-08-01","Meta","[LG] MOF: NaturalCedar","139.31","2242","26","0"
"2026-08-01","Meta","[LG] MOF: Spring LMP - 5/2/26","484.22","7546","80","3"
"2026-08-01","Meta","[LG] MOF: SyntheticCedar","137.15","2403","39","0"
"2026-08-02","Google Ads","LocalServicesCampaign:SystemGenerated:0005d4f18c77de40","0","6","0","0"
"2026-08-02","Meta","[LG] MOF: NaturalCedar","191.9","2774","39","0"
"2026-08-02","Meta","[LG] MOF: Spring LMP - 5/2/26","611.44","8797","105","1"
"2026-08-02","Meta","[LG] MOF: SyntheticCedar","177.74","2810","44","2"
"2026-08-03","Google Ads","LocalServicesCampaign:SystemGenerated:0005d4f18c77de40","327.31","40","5","3"
"2026-08-03","Meta","[LG] MOF: NaturalCedar","81.21","851","8","0"
"2026-08-03","Meta","[LG] MOF: Spring LMP - 5/2/26","523.19","6088","95","8"
"2026-08-03","Meta","[LG] MOF: SyntheticCedar","182.86","2728","24","0"
"2026-08-04","Google Ads","LocalServicesCampaign:SystemGenerated:0005d4f18c77de40","77.28","50","5","1"
"2026-08-04","Meta","[LG] MOF: Spring LMP - 5/2/26","479.53","5460","73","3"
"2026-08-04","Meta","[LG] MOF: SyntheticCedar","146.4","2185","33","0"
"2026-08-05","Google Ads","LocalServicesCampaign:SystemGenerated:0005d4f18c77de40","91","54","1","1"
"2026-08-05","Meta","[LG] MOF: Spring LMP - 5/2/26","477.39","6801","77","1"
"2026-08-05","Meta","[LG] MOF: SyntheticCedar","148.11","2802","42","1"
"2026-08-06","Google Ads","LocalServicesCampaign:SystemGenerated:0005d4f18c77de40","101.56","46","2","1"
"2026-08-06","Meta","[LG] MOF: Spring LMP - 5/2/26","521.12","10206","115","4"
"2026-08-06","Meta","[LG] MOF: SyntheticCedar","139.71","2838","27","0"
"2026-08-07","Google Ads","LocalServicesCampaign:SystemGenerated:0005d4f18c77de40","0","48","0","0"
"2026-08-07","Meta","[LG] MOF: Spring LMP - 5/2/26","379.36","6293","68","3"
"2026-08-07","Meta","[LG] MOF: SyntheticCedar","123.15","2214","29","1"
"2026-08-08","Google Ads","LocalServicesCampaign:SystemGenerated:0005d4f18c77de40","0","51","0","0"
"2026-08-08","Meta","[LG] MOF: Spring LMP - 5/2/26","507.58","7566","93","4"
"2026-08-08","Meta","[LG] MOF: SyntheticCedar","131.16","2369","40","0"
"2026-08-09","Google Ads","LocalServicesCampaign:SystemGenerated:0005d4f18c77de40","0","17","0","0"
"2026-08-09","Meta","[LG] MOF: Spring LMP - 5/2/26","549.19","7288","94","5"
"2026-08-09","Meta","[LG] MOF: SyntheticCedar","197.81","3176","48","0"
"2026-08-10","Google Ads","LocalServicesCampaign:SystemGenerated:0005d4f18c77de40","0","39","2","0"
"2026-08-10","Meta","[LG] MOF: Spring LMP - 5/2/26","496.92","6304","57","5"
"2026-08-10","Meta","[LG] MOF: SyntheticCedar","142.56","2546","36","0"
"2026-08-11","Google Ads","LocalServicesCampaign:SystemGenerated:0005d4f18c77de40","0","21","2","0"
"2026-08-11","Meta","[LG] MOF: Spring LMP - 5/2/26","498.24","7189","69","2"
"2026-08-11","Meta","[LG] MOF: SyntheticCedar","163.46","2937","39","0"
"2026-08-12","Google Ads","LocalServicesCampaign:SystemGenerated:0005d4f18c77de40","0","35","4","0"
"2026-08-12","Meta","[LG] MOF: Spring LMP - 5/2/26","484.32","6020","65","3"
"2026-08-12","Meta","[LG] MOF: SyntheticCedar","142.86","2568","28","0"
"2026-08-13","Google Ads","LocalServicesCampaign:SystemGenerated:0005d4f18c77de40","91","24","1","1"
"2026-08-13","Meta","[LG] MOF: Spring LMP - 5/2/26","539.84","6464","73","2"
"2026-08-13","Meta","[LG] MOF: SyntheticCedar","137.49","2281","17","1"
"2026-08-14","Google Ads","LocalServicesCampaign:SystemGenerated:0005d4f18c77de40","0","36","1","0"
"2026-08-14","Meta","[LG] MOF: Spring LMP - 5/2/26","489.18","7283","80","1"
"2026-08-14","Meta","[LG] MOF: SyntheticCedar","138.03","2371","30","0"
"2026-08-15","Google Ads","LocalServicesCampaign:SystemGenerated:0005d4f18c77de40","0","13","1","0"
"2026-08-15","Meta","[LG] MOF: Spring LMP - 5/2/26","442.16","6604","76","2"
"2026-08-15","Meta","[LG] MOF: SyntheticCedar","126.93","2518","30","0"
"2026-08-16","Google Ads","LocalServicesCampaign:SystemGenerated:0005d4f18c77de40","0","14","0","0"
"2026-08-16","Meta","[LG] MOF: Spring LMP - 5/2/26","616.23","8421","104","4"
"2026-08-16","Meta","[LG] MOF: SyntheticCedar","190.28","2937","30","0"
"2026-08-17","Google Ads","LocalServicesCampaign:SystemGenerated:0005d4f18c77de40","188.19","40","4","2"
"2026-08-17","Meta","[LG] MOF: Spring LMP - 5/2/26","484.75","6070","63","3"
"2026-08-17","Meta","[LG] MOF: SyntheticCedar","133.88","2432","24","0"
"2026-08-18","Google Ads","LocalServicesCampaign:SystemGenerated:0005d4f18c77de40","0","36","3","0"
"2026-08-18","Meta","[LG] MOF: Spring LMP - 5/2/26","518.95","7408","56","1"
"2026-08-18","Meta","[LG] MOF: SyntheticCedar","142.36","2806","30","0"
"2026-08-19","Google Ads","LocalServicesCampaign:SystemGenerated:0005d4f18c77de40","0","36","1","0"
"2026-08-19","Meta","[LG] MOF: Spring LMP - 5/2/26","466.76","6093","79","3"
"2026-08-19","Meta","[LG] MOF: SyntheticCedar","153.44","2847","42","0"
"2026-08-20","Google Ads","LocalServicesCampaign:SystemGenerated:0005d4f18c77de40","0","34","3","0"
"2026-08-20","Meta","[LG] MOF: Spring LMP - 5/2/26","565.77","7654","82","7"
"2026-08-20","Meta","[LG] MOF: SyntheticCedar","86.93","1380","23","0"
"2026-08-21","Google Ads","LocalServicesCampaign:SystemGenerated:0005d4f18c77de40","0","89","22","0"
"2026-08-21","Meta","[LG] MOF: Spring LMP - 5/2/26","487.61","5880","62","1"
"2026-08-22","Google Ads","LocalServicesCampaign:SystemGenerated:0005d4f18c77de40","155.14","24","2","1"
"2026-08-22","Meta","[LG] MOF: Spring LMP - 5/2/26","358.6","4186","59","3"
"2026-08-23","Google Ads","LocalServicesCampaign:SystemGenerated:0005d4f18c77de40","0","34","4","0"
"2026-08-23","Meta","[LG] MOF: Spring LMP - 5/2/26","615.93","8388","126","8"
"2026-08-24","Google Ads","LocalServicesCampaign:SystemGenerated:0005d4f18c77de40","103.44","44","2","1"
"2026-08-24","Meta","[LG] MOF: Spring LMP - 5/2/26","494.33","6161","75","1"
"2026-08-25","Google Ads","LocalServicesCampaign:SystemGenerated:0005d4f18c77de40","107.84","20","4","1"
"2026-08-25","Meta","[LG] MOF: Spring LMP - 5/2/26","564.79","7796","86","5"
"2026-08-26","Google Ads","LocalServicesCampaign:SystemGenerated:0005d4f18c77de40","244.74","37","3","2"
"2026-08-26","Meta","[LG] MOF: Spring LMP - 5/2/26","480.86","5303","80","4"
"2026-08-27","Google Ads","LocalServicesCampaign:SystemGenerated:0005d4f18c77de40","172.04","39","5","1"
"2026-08-27","Meta","[LG] MOF: Spring LMP - 5/2/26","458.32","5331","65","2"
"2026-08-28","Google Ads","LocalServicesCampaign:SystemGenerated:0005d4f18c77de40","0","39","4","0"
"2026-08-28","Meta","[LG] MOF: Spring LMP - 5/2/26","455.24","5355","81","1"
"2026-08-29","Google Ads","LocalServicesCampaign:SystemGenerated:0005d4f18c77de40","0","24","2","0"
"2026-08-29","Meta","[LG] MOF: Spring LMP - 5/2/26","430.42","6147","74","2"
"2026-08-30","Google Ads","LocalServicesCampaign:SystemGenerated:0005d4f18c77de40","0","8","0","0"
"2026-08-30","Meta","[LG] MOF: Spring LMP - 5/2/26","549.59","9220","112","2"
"2026-08-31","Google Ads","LocalServicesCampaign:SystemGenerated:0005d4f18c77de40","0","29","5","0"
"2026-08-31","Meta","[LG] MOF: Spring LMP - 5/2/26","529.35","9423","99","0"
"2026-09-01","Google Ads","LocalServicesCampaign:SystemGenerated:0005d4f18c77de40","0","35","3","0"
"2026-09-01","Meta","[LG] MOF: Spring LMP - 5/2/26","546.45","6572","85","3"
"2026-09-02","Google Ads","LocalServicesCampaign:SystemGenerated:0005d4f18c77de40","97.31","37","7","1"
"2026-09-02","Meta","[LG] MOF: Spring LMP - 5/2/26","467.25","6603","96","7"
"2026-09-03","Google Ads","LocalServicesCampaign:SystemGenerated:0005d4f18c77de40","0","19","0","0"
"2026-09-03","Meta","[LG] MOF: Spring LMP - 5/2/26","490.71","6715","65","4"
"2026-09-04","Google Ads","LocalServicesCampaign:SystemGenerated:0005d4f18c77de40","0","28","4","0"
"2026-09-04","Meta","[LG] MOF: Spring LMP - 5/2/26","465.16","6193","79","2"
"2026-09-05","Google Ads","LocalServicesCampaign:SystemGenerated:0005d4f18c77de40","0","26","3","0"
"2026-09-05","Meta","[LG] MOF: Spring LMP - 5/2/26","451.01","6814","84","1"
"2026-09-06","Google Ads","LocalServicesCampaign:SystemGenerated:0005d4f18c77de40","0","11","0","0"
"2026-09-06","Meta","[LG] MOF: Spring LMP - 5/2/26","566.04","8040","100","2"
"2026-09-07","Google Ads","LocalServicesCampaign:SystemGenerated:0005d4f18c77de40","0","16","0","0"
"2026-09-07","Meta","[LG] MOF: Spring LMP - 5/2/26","540.01","7083","78","5"
"2026-09-08","Google Ads","LocalServicesCampaign:SystemGenerated:0005d4f18c77de40","91","28","5","1"
"2026-09-08","Meta","[LG] MOF: Spring LMP - 5/2/26","525.52","6976","68","4"
"2026-09-09","Google Ads","LocalServicesCampaign:SystemGenerated:0005d4f18c77de40","175.14","56","11","2"
"2026-09-09","Meta","[LG] MOF: Spring LMP - 5/2/26","552.91","5565","65","2"
"2026-09-10","Google Ads","LocalServicesCampaign:SystemGenerated:0005d4f18c77de40","0","55","10","0"
"2026-09-10","Meta","[LG] MOF: Spring LMP - 5/2/26","449.49","6435","79","2"
"2026-09-11","Google Ads","LocalServicesCampaign:SystemGenerated:0005d4f18c77de40","0","38","5","0"
"2026-09-11","Meta","[LG] MOF: Spring LMP - 5/2/26","403.01","5747","65","4"
"2026-09-12","Google Ads","LocalServicesCampaign:SystemGenerated:0005d4f18c77de40","0","29","2","0"
"2026-09-12","Meta","[LG] MOF: Spring LMP - 5/2/26","462.82","6815","65","1"
"2026-09-13","Google Ads","LocalServicesCampaign:SystemGenerated:0005d4f18c77de40","0","47","1","0"
"2026-09-13","Meta","[LG] MOF: Spring LMP - 5/2/26","647.43","8832","136","7"
"2026-09-14","Google Ads","LocalServicesCampaign:SystemGenerated:0005d4f18c77de40","253.68","74","4","2"
"2026-09-14","Meta","[LG] MOF: Spring LMP - 5/2/26","495.06","5682","77","2"
"2026-09-15","Google Ads","LocalServicesCampaign:SystemGenerated:0005d4f18c77de40","41.13","57","4","1"
"2026-09-15","Meta","[LG] MOF: Spring LMP - 5/2/26","455.84","6020","83","5"
"2026-09-16","Google Ads","LocalServicesCampaign:SystemGenerated:0005d4f18c77de40","89.16","62","6","1"
"2026-09-16","Meta","[LG] MOF: Spring LMP - 5/2/26","515.09","7842","94","1"
"2026-09-17","Google Ads","LocalServicesCampaign:SystemGenerated:0005d4f18c77de40","96.61","40","2","1"
"2026-09-17","Meta","[LG] MOF: Spring LMP - 5/2/26","494.12","5688","70","4"
"2026-09-18","Google Ads","LocalServicesCampaign:SystemGenerated:0005d4f18c77de40","145.22","34","4","1"
"2026-09-18","Meta","[LG] MOF: Spring LMP - 5/2/26","434.2","5555","66","4"
"2026-09-19","Google Ads","LocalServicesCampaign:SystemGenerated:0005d4f18c77de40","0","34","3","0"
"2026-09-19","Meta","[LG] MOF: Spring LMP - 5/2/26","455.65","5974","74","2"
"2026-09-20","Google Ads","LocalServicesCampaign:SystemGenerated:0005d4f18c77de40","0","19","2","0"
"2026-09-20","Meta","[LG] MOF: Spring LMP - 5/2/26","643.91","7358","73","5"
"2026-09-21","Google Ads","LocalServicesCampaign:SystemGenerated:0005d4f18c77de40","0","61","5","0"
"2026-09-21","Meta","[LG] MOF: Spring LMP - 5/2/26","495.47","6228","59","2"
"2026-09-22","Google Ads","LocalServicesCampaign:SystemGenerated:0005d4f18c77de40","93.89","42","4","1"
"2026-09-22","Meta","[LG] MOF: Spring LMP - 5/2/26","554.51","7801","110","7"
"2026-09-23","Google Ads","LocalServicesCampaign:SystemGenerated:0005d4f18c77de40","0","51","7","0"
"2026-09-23","Meta","[LG] MOF: Spring LMP - 5/2/26","498.52","7956","82","3"
"2026-09-24","Google Ads","LocalServicesCampaign:SystemGenerated:0005d4f18c77de40","0","43","5","0"
"2026-09-24","Meta","[LG] MOF: Patriot250 - 9/24/26","81.93","1338","37","1"
"2026-09-24","Meta","[LG] MOF: Spring LMP - 5/2/26","409.15","5392","62","2"
"2026-09-25","Google Ads","LocalServicesCampaign:SystemGenerated:0005d4f18c77de40","97.12","42","5","1"
"2026-09-25","Meta","[LG] MOF: Patriot250 - 9/24/26","155","2319","39","1"
"2026-09-25","Meta","[LG] MOF: Spring LMP - 5/2/26","407.8","5790","68","4"
"2026-09-26","Google Ads","LocalServicesCampaign:SystemGenerated:0005d4f18c77de40","161.74","55","4","2"
"2026-09-26","Meta","[LG] MOF: Patriot250 - 9/24/26","127.76","2121","39","2"
"2026-09-26","Meta","[LG] MOF: Spring LMP - 5/2/26","347.15","4115","60","4"
"2026-09-27","Google Ads","LocalServicesCampaign:SystemGenerated:0005d4f18c77de40","286.97","82","7","3"
"2026-09-27","Meta","[LG] MOF: Patriot250 - 9/24/26","184.73","3318","49","4"
"2026-09-27","Meta","[LG] MOF: Spring LMP - 5/2/26","512.82","5723","94","7"
"2026-09-28","Google Ads","LocalServicesCampaign:SystemGenerated:0005d4f18c77de40","530.9","70","9","5"
"2026-09-28","Meta","[LG] MOF: Patriot250 - 9/24/26","134.29","2094","39","2"
"2026-09-28","Meta","[LG] MOF: Spring LMP - 5/2/26","467.72","4937","88","3"
"2026-09-29","Meta","[LG] MOF: Fall_LMP - 9/28/26","91.9","1492","25","0"
"2026-09-29","Meta","[LG] MOF: Patriot250 - 9/24/26","138.27","1683","18","3"
"2026-09-29","Meta","[LG] MOF: Spring LMP - 5/2/26","363.29","4926","85","2"
"2026-09-30","Meta","[LG] MOF: Fall_LMP - 9/28/26","138.36","2039","43","2"
"2026-09-30","Meta","[LG] MOF: Patriot250 - 9/24/26","140.32","1636","35","2"
"2026-09-30","Meta","[LG] MOF: Spring LMP - 5/2/26","270.85","2825","40","5"
"2026-10-01","Google Ads","LocalServicesCampaign:SystemGenerated:0005d4f18c77de40","0","79","9","0"
"2026-10-01","Meta","[LG] MOF: Fall_LMP - 9/28/26","184.17","3368","46","2"
"2026-10-01","Meta","[LG] MOF: Patriot250 - 9/24/26","182.54","2419","45","4"
"2026-10-01","Meta","[LG] MOF: Spring LMP - 5/2/26","358.92","4772","82","3"
"2026-10-02","Google Ads","LocalServicesCampaign:SystemGenerated:0005d4f18c77de40","114.89","72","2","1"
"2026-10-02","Meta","[LG] MOF: Fall_LMP - 9/28/26","159.75","3277","46","0"
"2026-10-02","Meta","[LG] MOF: Patriot250 - 9/24/26","195.13","2881","48","2"
"2026-10-02","Meta","[LG] MOF: Spring LMP - 5/2/26","267.6","2918","62","1"
"2026-10-03","Google Ads","LocalServicesCampaign:SystemGenerated:0005d4f18c77de40","0","60","0","0"
"2026-10-03","Meta","[LG] MOF: Fall_LMP - 9/28/26","100.86","2645","31","1"
"2026-10-03","Meta","[LG] MOF: Patriot250 - 9/24/26","137.17","2382","44","3"
"2026-10-03","Meta","[LG] MOF: Spring LMP - 5/2/26","217.61","2971","43","3"
"2026-10-04","Google Ads","LocalServicesCampaign:SystemGenerated:0005d4f18c77de40","97.62","48","4","1"
"2026-10-04","Meta","[LG] MOF: Fall_LMP - 9/28/26","158.61","3890","32","1"
"2026-10-04","Meta","[LG] MOF: Patriot250 - 9/24/26","225.24","3579","43","2"
"2026-10-04","Meta","[LG] MOF: Spring LMP - 5/2/26","309.23","4252","62","4"
"2026-10-05","Google Ads","LocalServicesCampaign:SystemGenerated:0005d4f18c77de40","41.13","48","6","1"
"2026-10-05","Meta","[LG] MOF: Fall_LMP - 9/28/26","154.97","3608","42","2"
"2026-10-05","Meta","[LG] MOF: Patriot250 - 9/24/26","218.22","3553","50","2"
"2026-10-05","Meta","[LG] MOF: Spring LMP - 5/2/26","241.94","3161","30","1"
"2026-10-06","Google Ads","LocalServicesCampaign:SystemGenerated:0005d4f18c77de40","0","60","9","0"
"2026-10-06","Meta","[LG] MOF: Fall_LMP - 9/28/26","157.74","3225","34","0"
"2026-10-06","Meta","[LG] MOF: Patriot250 - 9/24/26","240.7","4500","61","2"
"2026-10-06","Meta","[LG] MOF: Spring LMP - 5/2/26","232.13","2767","45","5"
"2026-10-07","Google Ads","LocalServicesCampaign:SystemGenerated:0005d4f18c77de40","0","43","0","0"
"2026-10-07","Meta","[LG] MOF: Fall_LMP - 9/28/26","139.41","2533","40","1"
"2026-10-07","Meta","[LG] MOF: Patriot250 - 9/24/26","215.44","3506","46","1"
"2026-10-07","Meta","[LG] MOF: Spring LMP - 5/2/26","197.6","2202","36","2"
"2026-10-08","Google Ads","LocalServicesCampaign:SystemGenerated:0005d4f18c77de40","0","26","6","0"
"2026-10-08","Meta","[LG] MOF: Fall_LMP - 9/28/26","179.41","3289","40","0"
"2026-10-08","Meta","[LG] MOF: Patriot250 - 9/24/26","318.45","6273","64","2"
"2026-10-08","Meta","[LG] MOF: Spring LMP - 5/2/26","125.99","1623","26","2"
"2026-10-09","Google Ads","LocalServicesCampaign:SystemGenerated:0005d4f18c77de40","91","45","5","1"
"2026-10-09","Meta","[LG] MOF: Fall_LMP - 9/28/26","159.24","3359","42","1"
"2026-10-09","Meta","[LG] MOF: Patriot250 - 9/24/26","266.66","5506","64","4"
"2026-10-09","Meta","[LG] MOF: Spring LMP - 5/2/26","98.09","1193","16","2"
"2026-10-10","Google Ads","LocalServicesCampaign:SystemGenerated:0005d4f18c77de40","312.88","39","3","2"
"2026-10-10","Meta","[LG] MOF: Fall_LMP - 9/28/26","117.83","2858","24","0"
"2026-10-10","Meta","[LG] MOF: Patriot250 - 9/24/26","221","4251","49","1"
"2026-10-10","Meta","[LG] MOF: Spring LMP - 5/2/26","66.38","731","12","1"
