Job Number,Trade Name,Primary Salesperson,Crew Start Date,Crew End Date,Job Value,Current Status,Current Milestone,Job Number Url
RR-3795,Roofing,Michael Meinardus,10/7/26 12:00 AM,10/7/26 11:59 PM,21300.00,Scheduled,Approved,https://my.acculynx.com/jobs/31e47006-d6da-4990-a7eb-7de6fdf9a540
RR-3727,Roof Repairs,Michael Dietrich,10/7/26 12:00 AM,10/7/26 11:59 PM,2000.00,Scheduled,Approved,https://my.acculynx.com/jobs/4aad6c8c-5093-4280-bcac-081d5d7927f2
RR-3752,Roofing,Michael Dietrich,10/7/26 12:00 AM,10/7/26 11:59 PM,16475.00,Scheduled,Approved,https://my.acculynx.com/jobs/1b5c6802-6f45-4c24-9bd8-ae4b4c840acd
RR-3690,Roofing,Michael Dietrich,10/7/26 12:00 AM,10/7/26 12:00 AM,26000.00,Scheduled,Approved,https://my.acculynx.com/jobs/314af00e-2fec-4c6b-b2c1-1d7e39a71f3e
RR-3793,Roofing,Querlim Franco,10/8/26 12:00 AM,10/8/26 11:59 PM,20428.00,Pending Color Confirmation,Approved,https://my.acculynx.com/jobs/5fedc5e7-9730-4b18-89c5-03c6f5a8801d
RR-3795,Gutters & Soffits,Michael Meinardus,10/8/26 12:00 AM,10/8/26 12:00 AM,21300.00,Scheduled,Approved,https://my.acculynx.com/jobs/31e47006-d6da-4990-a7eb-7de6fdf9a540
RR-3752,Gutters & Soffits,Michael Dietrich,10/8/26 12:00 AM,10/8/26 12:00 AM,16475.00,Scheduled,Approved,https://my.acculynx.com/jobs/1b5c6802-6f45-4c24-9bd8-ae4b4c840acd
RR-3732,Roofing,Francesco Ambrosio,10/8/26 12:00 AM,10/8/26 11:59 PM,27000.00,Scheduled,Approved,https://my.acculynx.com/jobs/b226c557-edd4-47b8-ad37-ffec0df45708
RR-3773,Roofing,Francesco Ambrosio,10/9/26 12:00 AM,10/9/26 12:00 AM,23500.75,Scheduled,Approved,https://my.acculynx.com/jobs/ade37e17-f7cc-414c-9dc4-26886e6f287e
RR-3775,Gutters & Soffits,Ryan Romero,10/10/26 12:00 AM,10/10/26 11:59 PM,3600.00,Scheduled,Approved,https://my.acculynx.com/jobs/feddb702-5551-490b-9295-52f1349029b2
RR-3734,Roof Repairs,Joseph Young,10/10/26 12:00 AM,10/10/26 11:59 PM,3480.00,Scheduled,Approved,https://my.acculynx.com/jobs/17fd90ec-0201-4cca-8f6b-b35d6412a66f
RR-3768,Roof Repairs,Michael Dietrich,10/10/26 12:00 AM,10/10/26 11:59 PM,3000.00,Scheduled,Approved,https://my.acculynx.com/jobs/7be5f09c-e888-48bb-baeb-4e9995a98a34
RR-3773,Gutters & Soffits,Francesco Ambrosio,10/10/26 12:00 AM,10/10/26 12:00 AM,23500.75,Scheduled,Approved,https://my.acculynx.com/jobs/ade37e17-f7cc-414c-9dc4-26886e6f287e
RR-3791,Roof Repairs,Michael Dietrich,10/10/26 12:00 AM,10/10/26 11:59 PM,3900.00,Scheduled,Approved,https://my.acculynx.com/jobs/24c6ef9e-be50-4175-8908-3723670fc9ee
RR-3755,Roofing,Francesco Ambrosio,10/10/26 12:00 AM,10/10/26 11:59 PM,10825.41,Pending Color Confirmation,Approved,https://my.acculynx.com/jobs/4ddbfa9b-348d-4585-a5b5-b8d9bf243547
RR-3762,Roofing,Michael Dietrich,10/10/26 12:00 AM,10/10/26 11:59 PM,16920.54,Scheduled,Approved,https://my.acculynx.com/jobs/8db4c9f8-c2de-4e5e-ad21-7d1342026071
RR-3761,Roofing,Francesco Ambrosio,10/12/26 12:00 AM,10/12/26 11:59 PM,25866.81,Scheduled,Approved,https://my.acculynx.com/jobs/2c89ffcc-317b-4b55-9ccc-91f91cab3dc7
RR-3776,Roofing,Francesco Ambrosio,10/12/26 12:00 AM,10/12/26 11:59 PM,16000.00,Finish Scheduling,Approved,https://my.acculynx.com/jobs/bbcaca0b-68e2-45d2-b214-18d3411418fb
RR-3615,Roof Repairs,Michael Dietrich,10/14/26 12:00 AM,10/14/26 11:59 PM,18572.50,Scheduled,Approved,https://my.acculynx.com/jobs/c56acd80-5077-47dc-a6ef-aaf6d6341bb6
RR-3763,Roofing,Joseph Young,10/14/26 12:00 AM,10/14/26 11:59 PM,18713.51,Scheduled,Approved,https://my.acculynx.com/jobs/a2aa29e3-2e14-4adb-8a4e-944937284e2e
RR-3785,Roofing,Michael Meinardus,10/14/26 12:00 AM,10/14/26 11:59 PM,13645.21,Scheduled,Approved,https://my.acculynx.com/jobs/ebf14911-15fa-4a27-8ccd-6c9bddc5a450
RR-3740,Roofing,Joseph Young,10/15/26 12:00 AM,10/15/26 11:59 PM,24241.62,Scheduled,Approved,https://my.acculynx.com/jobs/ea424079-a116-4f73-b808-624c779c9903
RR-3746,Roofing,Michael Dietrich,10/15/26 12:00 AM,10/15/26 12:00 AM,24027.16,Scheduled,Approved,https://my.acculynx.com/jobs/67356170-a983-4546-ba40-da23cbafcefc
RR-3783,Roof Repairs,Querlim Franco,10/15/26 12:00 AM,10/15/26 11:59 PM,8346.59,Finish Scheduling,Approved,https://my.acculynx.com/jobs/4f150072-1525-4cfd-b5f6-b6b96196b3f1
RR-3778,Roofing,Joseph Young,10/16/26 12:00 AM,10/16/26 11:59 PM,2375.00,Scheduled,Approved,https://my.acculynx.com/jobs/47b5034c-3e35-45e8-b572-5a9ee72dcd5e
RR-3799,Roof Repairs,Francesco Ambrosio,10/16/26 12:00 AM,10/16/26 11:59 PM,2000.00,Finish Scheduling,Approved,https://my.acculynx.com/jobs/83d9e4e3-24da-40d6-9ab8-d8f18a95604c
RR-3769,Roof Repairs,Joseph Young,10/16/26 12:00 AM,10/16/26 11:59 PM,5992.50,Scheduled,Approved,https://my.acculynx.com/jobs/e5f1ca18-7fdb-4150-bbee-2df4a2040f99
RR-3769,Gutters & Soffits,Joseph Young,10/16/26 12:00 AM,10/16/26 11:59 PM,5992.50,Scheduled,Approved,https://my.acculynx.com/jobs/e5f1ca18-7fdb-4150-bbee-2df4a2040f99
RR-3753,Roof Repairs,Michael Dietrich,10/16/26 12:00 AM,10/16/26 11:59 PM,3600.00,Scheduled,Approved,https://my.acculynx.com/jobs/65a407ea-b9d0-4e79-8524-61a9d39e16c4
RR-3765,Roofing,Michael Dietrich,10/17/26 12:00 AM,10/17/26 11:59 PM,17040.63,Scheduled,Approved,https://my.acculynx.com/jobs/115d3c48-a60a-4b12-8e8e-9b1a1397ccfa
RR-3794,Roofing,Querlim Franco,10/17/26 12:00 AM,10/17/26 11:59 PM,26500.00,Finish Scheduling,Approved,https://my.acculynx.com/jobs/c8b525c5-aabb-494e-a92a-8149882d9eb1
RR-3796,Roofing,Querlim Franco,10/19/26 12:00 AM,10/19/26 11:59 PM,13974.34,Pending Color Confirmation,Approved,https://my.acculynx.com/jobs/69a9ad73-9475-49be-b717-077856c82f06
RR-3568,Signature Roofing,Francesco Ambrosio,10/19/26 12:00 AM,11/6/26 11:59 PM,227458.46,Scheduled,Approved,https://my.acculynx.com/jobs/8ebac1f3-f8a5-43e7-8f88-c3d4a8621bd4
RR-3764,Roof Repairs,Joseph Young,10/20/26 12:00 AM,10/20/26 11:59 PM,6215.62,Scheduled,Approved,https://my.acculynx.com/jobs/ada2c394-6e1f-45a7-a1e9-0a05bdd7bed1
RR-3780,Roofing,Michael Dietrich,10/21/26 12:00 AM,10/21/26 11:59 PM,28794.00,Pending Color Confirmation,Approved,https://my.acculynx.com/jobs/0076653e-0142-47aa-a4ba-89097000a727
RR-3797,Roofing,Querlim Franco,10/22/26 12:00 AM,10/22/26 11:59 PM,22369.13,Scheduled,Approved,https://my.acculynx.com/jobs/259745bf-a4ca-4feb-86d0-8b64ca470661
RR-3711,Roofing,Michael Dietrich,10/26/26 12:00 AM,10/26/26 11:59 PM,16500.15,Pending Color Confirmation,Approved,https://my.acculynx.com/jobs/b6865650-c586-4631-ace6-735bda45f17f
RR-3745,Roofing,Michael Dietrich,10/28/26 12:00 AM,10/28/26 11:59 PM,11789.56,Pending Color Confirmation,Approved,https://my.acculynx.com/jobs/f9c88653-a056-40c0-a611-d11b5e402c0d
RR-3689,Roofing,Francesco Ambrosio,11/9/26 12:00 AM,11/9/26 12:00 AM,69694.02,Finish Scheduling,Approved,https://my.acculynx.com/jobs/bd70ba5a-f678-4b76-9b8a-15c0ec939441
RR-3801,Roofing,Michael Dietrich,11/12/26 12:00 AM,11/12/26 11:59 PM,22000.00,Pending Color Confirmation,Approved,https://my.acculynx.com/jobs/1fd74f1d-17df-4401-b6ac-e38f51bfe617
RR-3766,Roofing,Joseph Young,11/23/26 12:00 AM,11/23/26 12:00 AM,22500.00,Scheduled,Approved,https://my.acculynx.com/jobs/de25e5ce-32c1-4857-b3c7-eb455a688f43
RR-3626,Roofing,Michael Dietrich,12/3/26 12:00 AM,12/3/26 11:59 PM,29306.72,Pending Color Confirmation,Approved,https://my.acculynx.com/jobs/be1032d2-d97c-41d2-ad94-00abe3f07168
RR-3513,Roofing,Michael Dietrich,3/1/27 12:00 AM,3/1/27 11:59 PM,21023.84,On Hold,Approved,https://my.acculynx.com/jobs/0f17398d-69b0-43f4-8004-db933b388ae0
